family,instance,n,m,config,repeat,seed,classes_1wl,classes_pi,class_size_max,class_size_mean,colouring_ms,variables,clauses_bijection,clauses_edge,clauses_implied,anchors_k,dmax,encode_ms,formula_peak_rss_mb,queries_issued,queries_skipped_witness,queries_skipped_separation,sat,unsat,unknown,solve_ms_total,solve_ms_max,solve_ms_median,per_query_timeout_ms,workers,straggler_ratio,witnesses_verified,witnesses_rejected,recovered_orbits,true_orbits,gt_source,status,total_ms,peak_rss_mb,wl1_original,pi_subdivision,pi_to_original,colouring_used,subdivided,subdivision_mode,n_solved,filter_mode,global_edge_clause_estimate,per_query_edge_clause_estimate,solver,gadget_xor_clusters
cfi-rigid-r2,graphs/cfi-rigid-r2/cfi-rigid-r2-0068-03-1,68,132,PI_DIST,1,42,23,23,4,2.96,107,224,136,528,0,8,6,64,82.3,27,129,,1,26,0,12,,,10000,1,,1,0,43,,,CERTIFIED,183,84.0,,,,PI,false,AUTO,68,GLOBAL,528,,CRYPTOMINISAT_XOR,8
cfi-rigid-r2,graphs/cfi-rigid-r2/cfi-rigid-r2-0072-01-1,72,144,PI_DIST,1,42,24,24,4,3.00,19,240,144,576,0,8,6,32,102.2,84,84,,0,84,0,6,,,10000,1,,0,0,72,,,CERTIFIED,57,102.5,,,,PI,false,AUTO,72,GLOBAL,576,,CRYPTOMINISAT_XOR,8
cfi-rigid-r2,graphs/cfi-rigid-r2/cfi-rigid-r2-0072-01-2,72,144,PI_DIST,1,42,24,24,4,3.00,18,240,144,576,0,8,6,16,108.7,84,84,,0,84,0,7,,,10000,1,,0,0,72,,,CERTIFIED,41,108.7,,,,PI,false,AUTO,72,GLOBAL,576,,CRYPTOMINISAT_XOR,8
cfi-rigid-r2,graphs/cfi-rigid-r2/cfi-rigid-r2-0072-02-1,72,144,PI_DIST,1,42,24,24,4,3.00,14,240,144,576,0,8,6,17,113.4,84,84,,0,84,0,5,,,10000,1,,0,0,72,,,CERTIFIED,36,113.6,,,,PI,false,AUTO,72,GLOBAL,576,,CRYPTOMINISAT_XOR,9
cfi-rigid-r2,graphs/cfi-rigid-r2/cfi-rigid-r2-0072-04-1,72,144,PI_DIST,1,42,24,24,4,3.00,14,240,144,576,0,8,6,16,120.7,84,84,,0,84,0,6,,,10000,1,,0,0,72,,,CERTIFIED,36,120.9,,,,PI,false,AUTO,72,GLOBAL,576,,CRYPTOMINISAT_XOR,8
cfi-rigid-r2,graphs/cfi-rigid-r2/cfi-rigid-r2-0072-04-2,72,144,PI_DIST,1,42,24,24,4,3.00,13,240,144,576,0,8,6,17,138.9,84,84,,0,84,0,6,,,10000,1,,0,0,72,,,CERTIFIED,36,138.9,,,,PI,false,AUTO,72,GLOBAL,576,,CRYPTOMINISAT_XOR,8
cfi-rigid-r2,graphs/cfi-rigid-r2/cfi-rigid-r2-0144-01-1,144,288,PI_DIST,1,42,48,48,4,3.00,33,480,288,1152,0,8,6,44,179.0,168,168,,0,168,0,16,,,10000,1,,0,0,144,,,CERTIFIED,93,179.1,,,,PI,false,AUTO,144,GLOBAL,1152,,CRYPTOMINISAT_XOR,21
cfi-rigid-r2,graphs/cfi-rigid-r2/cfi-rigid-r2-0144-01-2,144,288,PI_DIST,1,42,48,48,4,3.00,27,480,288,1152,0,8,6,34,180.0,168,168,,0,168,0,15,,,10000,1,,0,0,144,,,CERTIFIED,76,180.0,,,,PI,false,AUTO,144,GLOBAL,1152,,CRYPTOMINISAT_XOR,21
cfi-rigid-r2,graphs/cfi-rigid-r2/cfi-rigid-r2-0144-02-1,144,288,PI_DIST,1,42,48,48,4,3.00,28,480,288,1152,0,8,6,29,181.6,168,168,,0,168,0,14,,,10000,1,,0,0,144,,,CERTIFIED,71,182.1,,,,PI,false,AUTO,144,GLOBAL,1152,,CRYPTOMINISAT_XOR,21
cfi-rigid-r2,graphs/cfi-rigid-r2/cfi-rigid-r2-0144-02-2,144,288,PI_DIST,1,42,48,48,4,3.00,27,480,288,1152,0,8,6,42,223.3,168,168,,0,168,0,14,,,10000,1,,0,0,144,,,CERTIFIED,83,223.3,,,,PI,false,AUTO,144,GLOBAL,1152,,CRYPTOMINISAT_XOR,21
cfi-rigid-r2,graphs/cfi-rigid-r2/cfi-rigid-r2-0144-03-1,144,288,PI_DIST,1,42,48,48,4,3.00,26,480,288,1152,0,8,6,29,225.7,168,168,,0,168,0,14,,,10000,1,,0,0,144,,,CERTIFIED,69,226.1,,,,PI,false,AUTO,144,GLOBAL,1152,,CRYPTOMINISAT_XOR,22
cfi-rigid-r2,graphs/cfi-rigid-r2/cfi-rigid-r2-0144-03-2,144,288,PI_DIST,1,42,48,48,4,3.00,25,480,288,1152,0,8,6,20,226.3,168,168,,0,168,0,15,,,10000,1,,0,0,144,,,CERTIFIED,60,226.3,,,,PI,false,AUTO,144,GLOBAL,1152,,CRYPTOMINISAT_XOR,22
cfi-rigid-r2,graphs/cfi-rigid-r2/cfi-rigid-r2-0144-04-1,144,288,PI_DIST,1,42,48,48,4,3.00,25,480,288,1152,0,8,6,20,229.5,168,168,,0,168,0,17,,,10000,1,,0,0,144,,,CERTIFIED,62,229.5,,,,PI,false,AUTO,144,GLOBAL,1152,,CRYPTOMINISAT_XOR,18
cfi-rigid-r2,graphs/cfi-rigid-r2/cfi-rigid-r2-0144-04-2,144,288,PI_DIST,1,42,48,48,4,3.00,27,480,288,1152,0,8,6,20,230.6,168,168,,0,168,0,17,,,10000,1,,0,0,144,,,CERTIFIED,64,230.6,,,,PI,false,AUTO,144,GLOBAL,1152,,CRYPTOMINISAT_XOR,18
cfi-rigid-r2,graphs/cfi-rigid-r2/cfi-rigid-r2-0216-01-1,216,432,PI_DIST,1,42,72,72,4,3.00,52,720,432,1728,0,8,6,33,234.6,252,252,,0,252,0,18,,,10000,1,,0,0,216,,,CERTIFIED,103,234.8,,,,PI,false,AUTO,216,GLOBAL,1728,,CRYPTOMINISAT_XOR,33
cfi-rigid-r2,graphs/cfi-rigid-r2/cfi-rigid-r2-0216-01-2,216,432,PI_DIST,1,42,72,72,4,3.00,51,720,432,1728,0,8,6,34,248.5,252,252,,0,252,0,18,,,10000,1,,0,0,216,,,CERTIFIED,103,248.8,,,,PI,false,AUTO,216,GLOBAL,1728,,CRYPTOMINISAT_XOR,33
cfi-rigid-r2,graphs/cfi-rigid-r2/cfi-rigid-r2-0216-02-1,216,432,PI_DIST,1,42,72,72,4,3.00,53,720,432,1728,0,8,6,31,264.3,252,252,,0,252,0,21,,,10000,1,,0,0,216,,,CERTIFIED,105,266.3,,,,PI,false,AUTO,216,GLOBAL,1728,,CRYPTOMINISAT_XOR,32
cfi-rigid-r2,graphs/cfi-rigid-r2/cfi-rigid-r2-0216-02-2,216,432,PI_DIST,1,42,72,72,4,3.00,54,720,432,1728,0,8,6,31,269.4,252,252,,0,252,0,21,,,10000,1,,0,0,216,,,CERTIFIED,106,269.4,,,,PI,false,AUTO,216,GLOBAL,1728,,CRYPTOMINISAT_XOR,32
cfi-rigid-r2,graphs/cfi-rigid-r2/cfi-rigid-r2-0216-03-1,216,432,PI_DIST,1,42,72,72,4,3.00,50,720,432,1728,0,8,6,32,271.8,252,252,,0,252,0,21,,,10000,1,,0,0,216,,,CERTIFIED,103,272.2,,,,PI,false,AUTO,216,GLOBAL,1728,,CRYPTOMINISAT_XOR,32
cfi-rigid-r2,graphs/cfi-rigid-r2/cfi-rigid-r2-0216-03-2,216,432,PI_DIST,1,42,72,72,4,3.00,54,720,432,1728,0,8,6,35,272.7,252,252,,0,252,0,22,,,10000,1,,0,0,216,,,CERTIFIED,111,272.7,,,,PI,false,AUTO,216,GLOBAL,1728,,CRYPTOMINISAT_XOR,32
cfi-rigid-r2,graphs/cfi-rigid-r2/cfi-rigid-r2-0216-04-1,216,432,PI_DIST,1,42,72,72,4,3.00,56,720,432,1728,0,8,6,37,272.7,252,252,,0,252,0,20,,,10000,1,,0,0,216,,,CERTIFIED,113,272.7,,,,PI,false,AUTO,216,GLOBAL,1728,,CRYPTOMINISAT_XOR,32
cfi-rigid-r2,graphs/cfi-rigid-r2/cfi-rigid-r2-0216-04-2,216,432,PI_DIST,1,42,72,72,4,3.00,54,720,432,1728,0,8,6,35,272.7,252,252,,0,252,0,21,,,10000,1,,0,0,216,,,CERTIFIED,110,272.7,,,,PI,false,AUTO,216,GLOBAL,1728,,CRYPTOMINISAT_XOR,32
cfi-rigid-r2,graphs/cfi-rigid-r2/cfi-rigid-r2-0288-01-1,288,576,PI_DIST,1,42,96,96,4,3.00,100,960,576,2304,0,8,6,54,313.8,336,336,,0,336,0,29,,,10000,1,,0,0,288,,,CERTIFIED,183,314.5,,,,PI,false,AUTO,288,GLOBAL,2304,,CRYPTOMINISAT_XOR,42
cfi-rigid-r2,graphs/cfi-rigid-r2/cfi-rigid-r2-0288-01-2,288,576,PI_DIST,1,42,96,96,4,3.00,128,960,576,2304,0,8,6,40,323.4,336,336,,0,336,0,30,,,10000,1,,0,0,288,,,CERTIFIED,198,323.4,,,,PI,false,AUTO,288,GLOBAL,2304,,CRYPTOMINISAT_XOR,42
cfi-rigid-r2,graphs/cfi-rigid-r2/cfi-rigid-r2-0288-02-1,288,576,PI_DIST,1,42,96,96,4,3.00,125,960,576,2304,0,8,6,40,323.4,336,336,,0,336,0,29,,,10000,1,,0,0,288,,,CERTIFIED,194,323.4,,,,PI,false,AUTO,288,GLOBAL,2304,,CRYPTOMINISAT_XOR,42
cfi-rigid-r2,graphs/cfi-rigid-r2/cfi-rigid-r2-0288-02-2,288,576,PI_DIST,1,42,96,96,4,3.00,96,960,576,2304,0,8,6,42,323.4,336,336,,0,336,0,28,,,10000,1,,0,0,288,,,CERTIFIED,166,323.4,,,,PI,false,AUTO,288,GLOBAL,2304,,CRYPTOMINISAT_XOR,42
cfi-rigid-r2,graphs/cfi-rigid-r2/cfi-rigid-r2-0288-03-1,288,576,PI_DIST,1,42,96,96,4,3.00,94,960,576,2304,0,8,6,42,326.1,336,336,,0,336,0,28,,,10000,1,,0,0,288,,,CERTIFIED,164,326.1,,,,PI,false,AUTO,288,GLOBAL,2304,,CRYPTOMINISAT_XOR,45
cfi-rigid-r2,graphs/cfi-rigid-r2/cfi-rigid-r2-0288-03-2,288,576,PI_DIST,1,42,96,96,4,3.00,97,960,576,2304,0,8,6,46,326.1,336,336,,0,336,0,40,,,10000,1,,0,0,288,,,CERTIFIED,183,326.1,,,,PI,false,AUTO,288,GLOBAL,2304,,CRYPTOMINISAT_XOR,45
cfi-rigid-r2,graphs/cfi-rigid-r2/cfi-rigid-r2-0288-04-1,288,576,PI_DIST,1,42,96,96,4,3.00,80,960,576,2304,0,8,6,44,326.1,336,336,,0,336,0,28,,,10000,1,,0,0,288,,,CERTIFIED,152,326.1,,,,PI,false,AUTO,288,GLOBAL,2304,,CRYPTOMINISAT_XOR,43
cfi-rigid-r2,graphs/cfi-rigid-r2/cfi-rigid-r2-0288-04-2,288,576,PI_DIST,1,42,96,96,4,3.00,62,960,576,2304,0,8,6,40,326.6,336,336,,0,336,0,28,,,10000,1,,0,0,288,,,CERTIFIED,130,326.6,,,,PI,false,AUTO,288,GLOBAL,2304,,CRYPTOMINISAT_XOR,43
cfi-rigid-r2,graphs/cfi-rigid-r2/cfi-rigid-r2-0360-01-1,360,720,PI_DIST,1,42,120,120,4,3.00,70,1200,720,2880,0,8,6,55,329.4,420,420,,0,420,0,36,,,10000,1,,0,0,360,,,CERTIFIED,161,329.4,,,,PI,false,AUTO,360,GLOBAL,2880,,CRYPTOMINISAT_XOR,55
cfi-rigid-r2,graphs/cfi-rigid-r2/cfi-rigid-r2-0360-01-2,360,720,PI_DIST,1,42,120,120,4,3.00,79,1200,720,2880,0,8,6,56,329.4,420,420,,0,420,0,35,,,10000,1,,0,0,360,,,CERTIFIED,170,329.4,,,,PI,false,AUTO,360,GLOBAL,2880,,CRYPTOMINISAT_XOR,55
cfi-rigid-r2,graphs/cfi-rigid-r2/cfi-rigid-r2-0360-02-1,360,720,PI_DIST,1,42,120,120,4,3.00,64,1200,720,2880,0,8,6,55,329.8,420,420,,0,420,0,42,,,10000,1,,0,0,360,,,CERTIFIED,161,329.8,,,,PI,false,AUTO,360,GLOBAL,2880,,CRYPTOMINISAT_XOR,55
cfi-rigid-r2,graphs/cfi-rigid-r2/cfi-rigid-r2-0360-02-2,360,720,PI_DIST,1,42,120,120,4,3.00,74,1200,720,2880,0,8,6,55,329.8,420,420,,0,420,0,36,,,10000,1,,0,0,360,,,CERTIFIED,165,329.8,,,,PI,false,AUTO,360,GLOBAL,2880,,CRYPTOMINISAT_XOR,55
cfi-rigid-r2,graphs/cfi-rigid-r2/cfi-rigid-r2-0360-03-1,360,720,PI_DIST,1,42,120,120,4,3.00,76,1200,720,2880,0,8,6,56,330.5,420,420,,0,420,0,35,,,10000,1,,0,0,360,,,CERTIFIED,167,330.5,,,,PI,false,AUTO,360,GLOBAL,2880,,CRYPTOMINISAT_XOR,56
cfi-rigid-r2,graphs/cfi-rigid-r2/cfi-rigid-r2-0360-03-2,360,720,PI_DIST,1,42,120,120,4,3.00,69,1200,720,2880,0,8,6,56,330.5,420,420,,0,420,0,36,,,10000,1,,0,0,360,,,CERTIFIED,161,330.5,,,,PI,false,AUTO,360,GLOBAL,2880,,CRYPTOMINISAT_XOR,56
cfi-rigid-r2,graphs/cfi-rigid-r2/cfi-rigid-r2-0360-04-1,360,720,PI_DIST,1,42,120,120,4,3.00,64,1200,720,2880,0,8,6,55,330.5,420,420,,0,420,0,34,,,10000,1,,0,0,360,,,CERTIFIED,153,330.5,,,,PI,false,AUTO,360,GLOBAL,2880,,CRYPTOMINISAT_XOR,59
cfi-rigid-r2,graphs/cfi-rigid-r2/cfi-rigid-r2-0360-04-2,360,720,PI_DIST,1,42,120,120,4,3.00,61,1200,720,2880,0,8,6,57,330.7,420,420,,0,420,0,34,,,10000,1,,0,0,360,,,CERTIFIED,152,330.7,,,,PI,false,AUTO,360,GLOBAL,2880,,CRYPTOMINISAT_XOR,59
cfi-rigid-r2,graphs/cfi-rigid-r2/cfi-rigid-r2-0432-01-1,432,864,PI_DIST,1,42,144,144,4,3.00,89,1440,864,3456,0,8,6,69,330.8,504,504,,0,504,0,42,,,10000,1,,0,0,432,,,CERTIFIED,200,330.8,,,,PI,false,AUTO,432,GLOBAL,3456,,CRYPTOMINISAT_XOR,70
cfi-rigid-r2,graphs/cfi-rigid-r2/cfi-rigid-r2-0432-01-2,432,864,PI_DIST,1,42,144,144,4,3.00,86,1440,864,3456,0,8,6,63,330.8,504,504,,0,504,0,42,,,10000,1,,0,0,432,,,CERTIFIED,191,330.8,,,,PI,false,AUTO,432,GLOBAL,3456,,CRYPTOMINISAT_XOR,70
cfi-rigid-r2,graphs/cfi-rigid-r2/cfi-rigid-r2-0432-02-1,432,864,PI_DIST,1,42,144,144,4,3.00,87,1440,864,3456,0,8,6,58,330.8,504,504,,0,504,0,42,,,10000,1,,0,0,432,,,CERTIFIED,187,330.8,,,,PI,false,AUTO,432,GLOBAL,3456,,CRYPTOMINISAT_XOR,67
cfi-rigid-r2,graphs/cfi-rigid-r2/cfi-rigid-r2-0432-02-2,432,864,PI_DIST,1,42,144,144,4,3.00,81,1440,864,3456,0,8,6,63,334.3,504,504,,0,504,0,43,,,10000,1,,0,0,432,,,CERTIFIED,187,334.3,,,,PI,false,AUTO,432,GLOBAL,3456,,CRYPTOMINISAT_XOR,67
cfi-rigid-r2,graphs/cfi-rigid-r2/cfi-rigid-r2-0432-03-1,432,864,PI_DIST,1,42,144,144,4,3.00,83,1440,864,3456,0,8,6,60,334.3,504,504,,0,504,0,42,,,10000,1,,0,0,432,,,CERTIFIED,185,334.3,,,,PI,false,AUTO,432,GLOBAL,3456,,CRYPTOMINISAT_XOR,67
cfi-rigid-r2,graphs/cfi-rigid-r2/cfi-rigid-r2-0432-03-2,432,864,PI_DIST,1,42,144,144,4,3.00,81,1440,864,3456,0,8,6,61,334.3,504,504,,0,504,0,43,,,10000,1,,0,0,432,,,CERTIFIED,185,334.3,,,,PI,false,AUTO,432,GLOBAL,3456,,CRYPTOMINISAT_XOR,67
cfi-rigid-r2,graphs/cfi-rigid-r2/cfi-rigid-r2-0432-04-1,432,864,PI_DIST,1,42,144,144,4,3.00,82,1440,864,3456,0,8,6,63,334.3,504,504,,0,504,0,42,,,10000,1,,0,0,432,,,CERTIFIED,187,334.3,,,,PI,false,AUTO,432,GLOBAL,3456,,CRYPTOMINISAT_XOR,70
cfi-rigid-r2,graphs/cfi-rigid-r2/cfi-rigid-r2-0432-04-2,432,864,PI_DIST,1,42,144,144,4,3.00,86,1440,864,3456,0,8,6,63,334.3,504,504,,0,504,0,40,,,10000,1,,0,0,432,,,CERTIFIED,189,334.3,,,,PI,false,AUTO,432,GLOBAL,3456,,CRYPTOMINISAT_XOR,70
cfi-rigid-r2,graphs/cfi-rigid-r2/cfi-rigid-r2-0504-01-1,504,1008,PI_DIST,1,42,168,168,4,3.00,114,1680,1008,4032,0,8,6,74,334.3,588,588,,0,588,0,47,,,10000,1,,0,0,504,,,CERTIFIED,235,334.3,,,,PI,false,AUTO,504,GLOBAL,4032,,CRYPTOMINISAT_XOR,82
cfi-rigid-r2,graphs/cfi-rigid-r2/cfi-rigid-r2-0504-01-2,504,1008,PI_DIST,1,42,168,168,4,3.00,113,1680,1008,4032,0,8,6,72,334.3,588,588,,0,588,0,47,,,10000,1,,0,0,504,,,CERTIFIED,232,334.3,,,,PI,false,AUTO,504,GLOBAL,4032,,CRYPTOMINISAT_XOR,82
cfi-rigid-r2,graphs/cfi-rigid-r2/cfi-rigid-r2-0504-02-1,504,1008,PI_DIST,1,42,168,168,4,3.00,110,1680,1008,4032,0,8,6,72,334.3,588,588,,0,588,0,52,,,10000,1,,0,0,504,,,CERTIFIED,234,334.3,,,,PI,false,AUTO,504,GLOBAL,4032,,CRYPTOMINISAT_XOR,77
cfi-rigid-r2,graphs/cfi-rigid-r2/cfi-rigid-r2-0504-02-2,504,1008,PI_DIST,1,42,168,168,4,3.00,106,1680,1008,4032,0,8,6,72,334.3,588,588,,0,588,0,54,,,10000,1,,0,0,504,,,CERTIFIED,232,334.3,,,,PI,false,AUTO,504,GLOBAL,4032,,CRYPTOMINISAT_XOR,77
cfi-rigid-r2,graphs/cfi-rigid-r2/cfi-rigid-r2-0504-03-1,504,1008,PI_DIST,1,42,168,168,4,3.00,112,1680,1008,4032,0,8,6,70,334.7,588,588,,0,588,0,46,,,10000,1,,0,0,504,,,CERTIFIED,228,334.7,,,,PI,false,AUTO,504,GLOBAL,4032,,CRYPTOMINISAT_XOR,81
cfi-rigid-r2,graphs/cfi-rigid-r2/cfi-rigid-r2-0504-03-2,504,1008,PI_DIST,1,42,168,168,4,3.00,117,1680,1008,4032,0,8,6,74,335.1,588,588,,0,588,0,58,,,10000,1,,0,0,504,,,CERTIFIED,249,335.1,,,,PI,false,AUTO,504,GLOBAL,4032,,CRYPTOMINISAT_XOR,81
cfi-rigid-r2,graphs/cfi-rigid-r2/cfi-rigid-r2-0504-04-1,504,1008,PI_DIST,1,42,168,168,4,3.00,116,1680,1008,4032,0,8,6,78,335.9,588,588,,0,588,0,51,,,10000,1,,0,0,504,,,CERTIFIED,245,335.9,,,,PI,false,AUTO,504,GLOBAL,4032,,CRYPTOMINISAT_XOR,80
cfi-rigid-r2,graphs/cfi-rigid-r2/cfi-rigid-r2-0504-04-2,504,1008,PI_DIST,1,42,168,168,4,3.00,101,1680,1008,4032,0,8,6,72,335.9,588,588,,0,588,0,49,,,10000,1,,0,0,504,,,CERTIFIED,222,335.9,,,,PI,false,AUTO,504,GLOBAL,4032,,CRYPTOMINISAT_XOR,80
cfi-rigid-r2,graphs/cfi-rigid-r2/cfi-rigid-r2-0576-01-1,576,1152,PI_DIST,1,42,192,192,4,3.00,151,1920,1152,4608,0,8,6,83,337.2,672,672,,0,672,0,56,,,10000,1,,0,0,576,,,CERTIFIED,290,337.2,,,,PI,false,AUTO,576,GLOBAL,4608,,CRYPTOMINISAT_XOR,92
cfi-rigid-r2,graphs/cfi-rigid-r2/cfi-rigid-r2-0576-01-2,576,1152,PI_DIST,1,42,192,192,4,3.00,151,1920,1152,4608,0,8,6,82,337.2,672,672,,0,672,0,56,,,10000,1,,0,0,576,,,CERTIFIED,289,337.2,,,,PI,false,AUTO,576,GLOBAL,4608,,CRYPTOMINISAT_XOR,92
cfi-rigid-r2,graphs/cfi-rigid-r2/cfi-rigid-r2-0576-02-1,576,1152,PI_DIST,1,42,192,192,4,3.00,147,1920,1152,4608,0,8,6,85,337.2,672,672,,0,672,0,52,,,10000,1,,0,0,576,,,CERTIFIED,284,337.2,,,,PI,false,AUTO,576,GLOBAL,4608,,CRYPTOMINISAT_XOR,92
cfi-rigid-r2,graphs/cfi-rigid-r2/cfi-rigid-r2-0576-02-2,576,1152,PI_DIST,1,42,192,192,4,3.00,142,1920,1152,4608,0,8,6,85,337.2,672,672,,0,672,0,54,,,10000,1,,0,0,576,,,CERTIFIED,281,337.2,,,,PI,false,AUTO,576,GLOBAL,4608,,CRYPTOMINISAT_XOR,92
cfi-rigid-r2,graphs/cfi-rigid-r2/cfi-rigid-r2-0576-03-1,576,1152,PI_DIST,1,42,192,192,4,3.00,136,1920,1152,4608,0,8,6,84,337.2,672,672,,0,672,0,55,,,10000,1,,0,0,576,,,CERTIFIED,275,337.2,,,,PI,false,AUTO,576,GLOBAL,4608,,CRYPTOMINISAT_XOR,91
cfi-rigid-r2,graphs/cfi-rigid-r2/cfi-rigid-r2-0576-03-2,576,1152,PI_DIST,1,42,192,192,4,3.00,139,1920,1152,4608,0,8,6,84,337.2,672,672,,0,672,0,56,,,10000,1,,0,0,576,,,CERTIFIED,279,337.2,,,,PI,false,AUTO,576,GLOBAL,4608,,CRYPTOMINISAT_XOR,91
cfi-rigid-r2,graphs/cfi-rigid-r2/cfi-rigid-r2-0576-04-1,576,1152,PI_DIST,1,42,192,192,4,3.00,131,1920,1152,4608,0,8,6,84,337.2,672,672,,0,672,0,55,,,10000,1,,0,0,576,,,CERTIFIED,270,337.2,,,,PI,false,AUTO,576,GLOBAL,4608,,CRYPTOMINISAT_XOR,91
cfi-rigid-r2,graphs/cfi-rigid-r2/cfi-rigid-r2-0576-04-2,576,1152,PI_DIST,1,42,192,192,4,3.00,144,1920,1152,4608,0,8,6,81,337.2,672,672,,0,672,0,54,,,10000,1,,0,0,576,,,CERTIFIED,279,337.2,,,,PI,false,AUTO,576,GLOBAL,4608,,CRYPTOMINISAT_XOR,91
cfi-rigid-r2,graphs/cfi-rigid-r2/cfi-rigid-r2-0648-01-1,648,1296,PI_DIST,1,42,216,216,4,3.00,181,2160,1296,5184,0,8,6,97,337.3,756,756,,0,756,0,70,,,10000,1,,0,0,648,,,CERTIFIED,348,337.3,,,,PI,false,AUTO,648,GLOBAL,5184,,CRYPTOMINISAT_XOR,107
cfi-rigid-r2,graphs/cfi-rigid-r2/cfi-rigid-r2-0648-01-2,648,1296,PI_DIST,1,42,216,216,4,3.00,166,2160,1296,5184,0,8,6,96,337.3,756,756,,0,756,0,58,,,10000,1,,0,0,648,,,CERTIFIED,320,337.3,,,,PI,false,AUTO,648,GLOBAL,5184,,CRYPTOMINISAT_XOR,107
cfi-rigid-r2,graphs/cfi-rigid-r2/cfi-rigid-r2-0648-02-1,648,1296,PI_DIST,1,42,216,216,4,3.00,169,2160,1296,5184,0,8,6,93,338.9,756,756,,0,756,0,63,,,10000,1,,0,0,648,,,CERTIFIED,325,338.9,,,,PI,false,AUTO,648,GLOBAL,5184,,CRYPTOMINISAT_XOR,103
cfi-rigid-r2,graphs/cfi-rigid-r2/cfi-rigid-r2-0648-02-2,648,1296,PI_DIST,1,42,216,216,4,3.00,168,2160,1296,5184,0,8,6,92,338.9,756,756,,0,756,0,63,,,10000,1,,0,0,648,,,CERTIFIED,323,338.9,,,,PI,false,AUTO,648,GLOBAL,5184,,CRYPTOMINISAT_XOR,103
cfi-rigid-r2,graphs/cfi-rigid-r2/cfi-rigid-r2-0648-03-1,648,1296,PI_DIST,1,42,216,216,4,3.00,235,2160,1296,5184,0,8,6,98,338.9,756,756,,0,756,0,60,,,10000,1,,0,0,648,,,CERTIFIED,393,338.9,,,,PI,false,AUTO,648,GLOBAL,5184,,CRYPTOMINISAT_XOR,107
cfi-rigid-r2,graphs/cfi-rigid-r2/cfi-rigid-r2-0648-03-2,648,1296,PI_DIST,1,42,216,216,4,3.00,174,2160,1296,5184,0,8,6,97,338.9,756,756,,0,756,0,61,,,10000,1,,0,0,648,,,CERTIFIED,332,338.9,,,,PI,false,AUTO,648,GLOBAL,5184,,CRYPTOMINISAT_XOR,107
cfi-rigid-r2,graphs/cfi-rigid-r2/cfi-rigid-r2-0648-04-1,648,1296,PI_DIST,1,42,214,214,8,3.03,169,2200,1296,5440,0,8,6,92,338.9,747,805,,1,746,0,93,,,10000,1,,1,0,641,,,CERTIFIED,354,338.9,,,,PI,false,AUTO,648,GLOBAL,5440,,CRYPTOMINISAT_XOR,98
cfi-rigid-r2,graphs/cfi-rigid-r2/cfi-rigid-r2-0648-04-2,648,1296,PI_DIST,1,42,214,214,8,3.03,171,2200,1296,5440,0,8,6,92,339.6,747,805,,1,746,0,93,,,10000,1,,1,0,641,,,CERTIFIED,356,339.6,,,,PI,false,AUTO,648,GLOBAL,5440,,CRYPTOMINISAT_XOR,98
cfi-rigid-r2,graphs/cfi-rigid-r2/cfi-rigid-r2-0720-01-1,720,1440,PI_DIST,1,42,240,240,4,3.00,211,2400,1440,5760,0,8,6,106,339.6,840,840,,0,840,0,71,,,10000,1,,0,0,720,,,CERTIFIED,388,339.6,,,,PI,false,AUTO,720,GLOBAL,5760,,CRYPTOMINISAT_XOR,116
cfi-rigid-r2,graphs/cfi-rigid-r2/cfi-rigid-r2-0720-01-2,720,1440,PI_DIST,1,42,240,240,4,3.00,210,2400,1440,5760,0,8,6,108,339.6,840,840,,0,840,0,69,,,10000,1,,0,0,720,,,CERTIFIED,387,339.6,,,,PI,false,AUTO,720,GLOBAL,5760,,CRYPTOMINISAT_XOR,116
cfi-rigid-r2,graphs/cfi-rigid-r2/cfi-rigid-r2-0720-02-1,720,1440,PI_DIST,1,42,240,240,4,3.00,210,2400,1440,5760,0,8,6,110,340.6,840,840,,0,840,0,68,,,10000,1,,0,0,720,,,CERTIFIED,388,340.6,,,,PI,false,AUTO,720,GLOBAL,5760,,CRYPTOMINISAT_XOR,119
cfi-rigid-r2,graphs/cfi-rigid-r2/cfi-rigid-r2-0720-02-2,720,1440,PI_DIST,1,42,240,240,4,3.00,214,2400,1440,5760,0,8,6,109,341.8,840,840,,0,840,0,68,,,10000,1,,0,0,720,,,CERTIFIED,391,341.8,,,,PI,false,AUTO,720,GLOBAL,5760,,CRYPTOMINISAT_XOR,119
cfi-rigid-r2,graphs/cfi-rigid-r2/cfi-rigid-r2-0720-03-1,720,1440,PI_DIST,1,42,240,240,4,3.00,216,2400,1440,5760,0,8,6,107,341.8,840,840,,0,840,0,69,,,10000,1,,0,0,720,,,CERTIFIED,392,341.8,,,,PI,false,AUTO,720,GLOBAL,5760,,CRYPTOMINISAT_XOR,115
cfi-rigid-r2,graphs/cfi-rigid-r2/cfi-rigid-r2-0720-03-2,720,1440,PI_DIST,1,42,240,240,4,3.00,208,2400,1440,5760,0,8,6,106,341.8,840,840,,0,840,0,72,,,10000,1,,0,0,720,,,CERTIFIED,386,341.8,,,,PI,false,AUTO,720,GLOBAL,5760,,CRYPTOMINISAT_XOR,115
cfi-rigid-r2,graphs/cfi-rigid-r2/cfi-rigid-r2-0720-04-1,720,1440,PI_DIST,1,42,240,240,4,3.00,198,2400,1440,5760,0,8,6,104,341.8,840,840,,0,840,0,72,,,10000,1,,0,0,720,,,CERTIFIED,374,341.8,,,,PI,false,AUTO,720,GLOBAL,5760,,CRYPTOMINISAT_XOR,112
cfi-rigid-r2,graphs/cfi-rigid-r2/cfi-rigid-r2-0720-04-2,720,1440,PI_DIST,1,42,240,240,4,3.00,201,2400,1440,5760,0,8,6,103,341.8,840,840,,0,840,0,73,,,10000,1,,0,0,720,,,CERTIFIED,377,341.8,,,,PI,false,AUTO,720,GLOBAL,5760,,CRYPTOMINISAT_XOR,112
cfi-rigid-r2,graphs/cfi-rigid-r2/cfi-rigid-r2-0792-01-1,792,1584,PI_DIST,1,42,264,264,4,3.00,241,2640,1584,6336,0,8,6,117,341.8,924,924,,0,924,0,75,,,10000,1,,0,0,792,,,CERTIFIED,433,341.8,,,,PI,false,AUTO,792,GLOBAL,6336,,CRYPTOMINISAT_XOR,129
cfi-rigid-r2,graphs/cfi-rigid-r2/cfi-rigid-r2-0792-01-2,792,1584,PI_DIST,1,42,264,264,4,3.00,242,2640,1584,6336,0,8,6,119,341.8,924,924,,0,924,0,76,,,10000,1,,0,0,792,,,CERTIFIED,437,341.8,,,,PI,false,AUTO,792,GLOBAL,6336,,CRYPTOMINISAT_XOR,129
cfi-rigid-r2,graphs/cfi-rigid-r2/cfi-rigid-r2-0792-02-1,792,1584,PI_DIST,1,42,264,264,4,3.00,244,2640,1584,6336,0,8,6,117,341.8,924,924,,0,924,0,78,,,10000,1,,0,0,792,,,CERTIFIED,439,341.8,,,,PI,false,AUTO,792,GLOBAL,6336,,CRYPTOMINISAT_XOR,128
cfi-rigid-r2,graphs/cfi-rigid-r2/cfi-rigid-r2-0792-02-2,792,1584,PI_DIST,1,42,264,264,4,3.00,246,2640,1584,6336,0,8,6,119,341.8,924,924,,0,924,0,80,,,10000,1,,0,0,792,,,CERTIFIED,445,341.8,,,,PI,false,AUTO,792,GLOBAL,6336,,CRYPTOMINISAT_XOR,128
cfi-rigid-r2,graphs/cfi-rigid-r2/cfi-rigid-r2-0792-03-1,792,1584,PI_DIST,1,42,264,264,4,3.00,256,2640,1584,6336,0,8,6,130,345.3,924,924,,0,924,0,77,,,10000,1,,0,0,792,,,CERTIFIED,463,345.3,,,,PI,false,AUTO,792,GLOBAL,6336,,CRYPTOMINISAT_XOR,128
cfi-rigid-r2,graphs/cfi-rigid-r2/cfi-rigid-r2-0792-03-2,792,1584,PI_DIST,1,42,264,264,4,3.00,250,2640,1584,6336,0,8,6,120,345.3,924,924,,0,924,0,79,,,10000,1,,0,0,792,,,CERTIFIED,449,345.3,,,,PI,false,AUTO,792,GLOBAL,6336,,CRYPTOMINISAT_XOR,128
cfi-rigid-r2,graphs/cfi-rigid-r2/cfi-rigid-r2-0792-04-1,792,1584,PI_DIST,1,42,264,264,4,3.00,237,2640,1584,6336,0,8,6,121,345.3,924,924,,0,924,0,78,,,10000,1,,0,0,792,,,CERTIFIED,436,345.3,,,,PI,false,AUTO,792,GLOBAL,6336,,CRYPTOMINISAT_XOR,126
cfi-rigid-r2,graphs/cfi-rigid-r2/cfi-rigid-r2-0792-04-2,792,1584,PI_DIST,1,42,264,264,4,3.00,238,2640,1584,6336,0,8,6,118,345.3,924,924,,0,924,0,76,,,10000,1,,0,0,792,,,CERTIFIED,432,345.3,,,,PI,false,AUTO,792,GLOBAL,6336,,CRYPTOMINISAT_XOR,126
cfi-rigid-r2,graphs/cfi-rigid-r2/cfi-rigid-r2-0864-01-1,864,1728,PI_DIST,1,42,288,288,4,3.00,302,2880,1728,6912,0,8,6,132,345.3,1008,1008,,0,1008,0,84,,,10000,1,,0,0,864,,,CERTIFIED,518,345.3,,,,PI,false,AUTO,864,GLOBAL,6912,,CRYPTOMINISAT_XOR,142
cfi-rigid-r2,graphs/cfi-rigid-r2/cfi-rigid-r2-0864-01-2,864,1728,PI_DIST,1,42,288,288,4,3.00,294,2880,1728,6912,0,8,6,134,345.3,1008,1008,,0,1008,0,85,,,10000,1,,0,0,864,,,CERTIFIED,513,345.3,,,,PI,false,AUTO,864,GLOBAL,6912,,CRYPTOMINISAT_XOR,142
cfi-rigid-r2,graphs/cfi-rigid-r2/cfi-rigid-r2-0864-02-1,864,1728,PI_DIST,1,42,288,288,4,3.00,287,2880,1728,6912,0,8,6,133,346.2,1008,1008,,0,1008,0,87,,,10000,1,,0,0,864,,,CERTIFIED,507,346.2,,,,PI,false,AUTO,864,GLOBAL,6912,,CRYPTOMINISAT_XOR,137
cfi-rigid-r2,graphs/cfi-rigid-r2/cfi-rigid-r2-0864-02-2,864,1728,PI_DIST,1,42,288,288,4,3.00,306,2880,1728,6912,0,8,6,134,346.2,1008,1008,,0,1008,0,86,,,10000,1,,0,0,864,,,CERTIFIED,526,346.2,,,,PI,false,AUTO,864,GLOBAL,6912,,CRYPTOMINISAT_XOR,137
cfi-rigid-r2,graphs/cfi-rigid-r2/cfi-rigid-r2-0864-03-1,864,1728,PI_DIST,1,42,288,288,4,3.00,294,2880,1728,6912,0,8,6,133,347.4,1008,1008,,0,1008,0,84,,,10000,1,,0,0,864,,,CERTIFIED,511,347.4,,,,PI,false,AUTO,864,GLOBAL,6912,,CRYPTOMINISAT_XOR,139
cfi-rigid-r2,graphs/cfi-rigid-r2/cfi-rigid-r2-0864-03-2,864,1728,PI_DIST,1,42,288,288,4,3.00,310,2880,1728,6912,0,8,6,132,347.4,1008,1008,,0,1008,0,88,,,10000,1,,0,0,864,,,CERTIFIED,530,347.4,,,,PI,false,AUTO,864,GLOBAL,6912,,CRYPTOMINISAT_XOR,139
cfi-rigid-r2,graphs/cfi-rigid-r2/cfi-rigid-r2-0864-04-1,864,1728,PI_DIST,1,42,288,288,4,3.00,289,2880,1728,6912,0,8,6,128,347.4,1008,1008,,0,1008,0,87,,,10000,1,,0,0,864,,,CERTIFIED,504,347.4,,,,PI,false,AUTO,864,GLOBAL,6912,,CRYPTOMINISAT_XOR,137
cfi-rigid-r2,graphs/cfi-rigid-r2/cfi-rigid-r2-0864-04-2,864,1728,PI_DIST,1,42,288,288,4,3.00,297,2880,1728,6912,0,8,6,129,347.4,1008,1008,,0,1008,0,91,,,10000,1,,0,0,864,,,CERTIFIED,517,347.4,,,,PI,false,AUTO,864,GLOBAL,6912,,CRYPTOMINISAT_XOR,137
cfi-rigid-r2,graphs/cfi-rigid-r2/cfi-rigid-r2-0936-01-1,936,1872,PI_DIST,1,42,312,312,4,3.00,355,3120,1872,7488,0,8,6,145,349.5,1092,1092,,0,1092,0,97,,,10000,1,,0,0,936,,,CERTIFIED,597,349.5,,,,PI,false,AUTO,936,GLOBAL,7488,,CRYPTOMINISAT_XOR,153
cfi-rigid-r2,graphs/cfi-rigid-r2/cfi-rigid-r2-0936-01-2,936,1872,PI_DIST,1,42,312,312,4,3.00,342,3120,1872,7488,0,8,6,143,349.5,1092,1092,,0,1092,0,104,,,10000,1,,0,0,936,,,CERTIFIED,589,349.5,,,,PI,false,AUTO,936,GLOBAL,7488,,CRYPTOMINISAT_XOR,153
cfi-rigid-r2,graphs/cfi-rigid-r2/cfi-rigid-r2-0936-02-1,936,1872,PI_DIST,1,42,312,312,4,3.00,358,3120,1872,7488,0,8,6,144,349.5,1092,1092,,0,1092,0,100,,,10000,1,,0,0,936,,,CERTIFIED,602,349.5,,,,PI,false,AUTO,936,GLOBAL,7488,,CRYPTOMINISAT_XOR,152
cfi-rigid-r2,graphs/cfi-rigid-r2/cfi-rigid-r2-0936-02-2,936,1872,PI_DIST,1,42,312,312,4,3.00,359,3120,1872,7488,0,8,6,141,349.5,1092,1092,,0,1092,0,94,,,10000,1,,0,0,936,,,CERTIFIED,594,349.5,,,,PI,false,AUTO,936,GLOBAL,7488,,CRYPTOMINISAT_XOR,152
cfi-rigid-r2,graphs/cfi-rigid-r2/cfi-rigid-r2-0936-03-1,936,1872,PI_DIST,1,42,312,312,4,3.00,358,3120,1872,7488,0,8,6,147,349.8,1092,1092,,0,1092,0,102,,,10000,1,,0,0,936,,,CERTIFIED,607,349.8,,,,PI,false,AUTO,936,GLOBAL,7488,,CRYPTOMINISAT_XOR,151
cfi-rigid-r2,graphs/cfi-rigid-r2/cfi-rigid-r2-0936-03-2,936,1872,PI_DIST,1,42,312,312,4,3.00,355,3120,1872,7488,0,8,6,148,349.8,1092,1092,,0,1092,0,98,,,10000,1,,0,0,936,,,CERTIFIED,601,349.8,,,,PI,false,AUTO,936,GLOBAL,7488,,CRYPTOMINISAT_XOR,151
cfi-rigid-r2,graphs/cfi-rigid-r2/cfi-rigid-r2-0936-04-1,936,1872,PI_DIST,1,42,312,312,4,3.00,355,3120,1872,7488,0,8,6,162,349.8,1092,1092,,0,1092,0,98,,,10000,1,,0,0,936,,,CERTIFIED,615,349.8,,,,PI,false,AUTO,936,GLOBAL,7488,,CRYPTOMINISAT_XOR,151
cfi-rigid-r2,graphs/cfi-rigid-r2/cfi-rigid-r2-0936-04-2,936,1872,PI_DIST,1,42,312,312,4,3.00,347,3120,1872,7488,0,8,6,144,349.8,1092,1092,,0,1092,0,97,,,10000,1,,0,0,936,,,CERTIFIED,588,349.8,,,,PI,false,AUTO,936,GLOBAL,7488,,CRYPTOMINISAT_XOR,151
cfi-rigid-r2,graphs/cfi-rigid-r2/cfi-rigid-r2-1008-01-1,1008,2016,PI_DIST,1,42,336,336,4,3.00,384,3360,2016,8064,0,8,6,157,349.8,1176,1176,,0,1176,0,105,,,10000,1,,0,0,1008,,,CERTIFIED,646,349.8,,,,PI,false,AUTO,1008,GLOBAL,8064,,CRYPTOMINISAT_XOR,165
cfi-rigid-r2,graphs/cfi-rigid-r2/cfi-rigid-r2-1008-01-2,1008,2016,PI_DIST,1,42,336,336,4,3.00,412,3360,2016,8064,0,8,6,160,349.8,1176,1176,,0,1176,0,103,,,10000,1,,0,0,1008,,,CERTIFIED,675,349.8,,,,PI,false,AUTO,1008,GLOBAL,8064,,CRYPTOMINISAT_XOR,165
cfi-rigid-r2,graphs/cfi-rigid-r2/cfi-rigid-r2-1008-02-1,1008,2016,PI_DIST,1,42,336,336,4,3.00,388,3360,2016,8064,0,8,6,159,352.6,1176,1176,,0,1176,0,103,,,10000,1,,0,0,1008,,,CERTIFIED,650,352.6,,,,PI,false,AUTO,1008,GLOBAL,8064,,CRYPTOMINISAT_XOR,164
cfi-rigid-r2,graphs/cfi-rigid-r2/cfi-rigid-r2-1008-02-2,1008,2016,PI_DIST,1,42,336,336,4,3.00,382,3360,2016,8064,0,8,6,158,352.6,1176,1176,,0,1176,0,101,,,10000,1,,0,0,1008,,,CERTIFIED,641,352.6,,,,PI,false,AUTO,1008,GLOBAL,8064,,CRYPTOMINISAT_XOR,164
cfi-rigid-r2,graphs/cfi-rigid-r2/cfi-rigid-r2-1008-03-1,1008,2016,PI_DIST,1,42,336,336,4,3.00,403,3360,2016,8064,0,8,6,156,352.6,1176,1176,,0,1176,0,103,,,10000,1,,0,0,1008,,,CERTIFIED,662,352.6,,,,PI,false,AUTO,1008,GLOBAL,8064,,CRYPTOMINISAT_XOR,162
cfi-rigid-r2,graphs/cfi-rigid-r2/cfi-rigid-r2-1008-03-2,1008,2016,PI_DIST,1,42,336,336,4,3.00,402,3360,2016,8064,0,8,6,161,352.6,1176,1176,,0,1176,0,104,,,10000,1,,0,0,1008,,,CERTIFIED,667,352.6,,,,PI,false,AUTO,1008,GLOBAL,8064,,CRYPTOMINISAT_XOR,162
cfi-rigid-r2,graphs/cfi-rigid-r2/cfi-rigid-r2-1008-04-1,1008,2016,PI_DIST,1,42,336,336,4,3.00,407,3360,2016,8064,0,8,6,166,352.6,1176,1176,,0,1176,0,101,,,10000,1,,0,0,1008,,,CERTIFIED,674,352.6,,,,PI,false,AUTO,1008,GLOBAL,8064,,CRYPTOMINISAT_XOR,165
cfi-rigid-r2,graphs/cfi-rigid-r2/cfi-rigid-r2-1008-04-2,1008,2016,PI_DIST,1,42,336,336,4,3.00,416,3360,2016,8064,0,8,6,160,353.2,1176,1176,,0,1176,0,104,,,10000,1,,0,0,1008,,,CERTIFIED,680,353.2,,,,PI,false,AUTO,1008,GLOBAL,8064,,CRYPTOMINISAT_XOR,165
cfi-rigid-r2,graphs/cfi-rigid-r2/cfi-rigid-r2-1080-01-1,1080,2160,PI_DIST,1,42,360,360,4,3.00,446,3600,2160,8640,0,8,6,176,353.2,1260,1260,,0,1260,0,112,,,10000,1,,0,0,1080,,,CERTIFIED,734,353.2,,,,PI,false,AUTO,1080,GLOBAL,8640,,CRYPTOMINISAT_XOR,179
cfi-rigid-r2,graphs/cfi-rigid-r2/cfi-rigid-r2-1080-01-2,1080,2160,PI_DIST,1,42,360,360,4,3.00,449,3600,2160,8640,0,8,6,176,354.1,1260,1260,,0,1260,0,115,,,10000,1,,0,0,1080,,,CERTIFIED,740,354.1,,,,PI,false,AUTO,1080,GLOBAL,8640,,CRYPTOMINISAT_XOR,179
cfi-rigid-r2,graphs/cfi-rigid-r2/cfi-rigid-r2-1080-02-1,1080,2160,PI_DIST,1,42,360,360,4,3.00,468,3600,2160,8640,0,8,6,170,355.9,1260,1260,,0,1260,0,112,,,10000,1,,0,0,1080,,,CERTIFIED,750,355.9,,,,PI,false,AUTO,1080,GLOBAL,8640,,CRYPTOMINISAT_XOR,172
cfi-rigid-r2,graphs/cfi-rigid-r2/cfi-rigid-r2-1080-02-2,1080,2160,PI_DIST,1,42,360,360,4,3.00,466,3600,2160,8640,0,8,6,171,355.9,1260,1260,,0,1260,0,113,,,10000,1,,0,0,1080,,,CERTIFIED,750,355.9,,,,PI,false,AUTO,1080,GLOBAL,8640,,CRYPTOMINISAT_XOR,172
cfi-rigid-r2,graphs/cfi-rigid-r2/cfi-rigid-r2-1080-03-1,1080,2160,PI_DIST,1,42,360,360,4,3.00,472,3600,2160,8640,0,8,6,179,355.9,1260,1260,,0,1260,0,109,,,10000,1,,0,0,1080,,,CERTIFIED,760,355.9,,,,PI,false,AUTO,1080,GLOBAL,8640,,CRYPTOMINISAT_XOR,179
cfi-rigid-r2,graphs/cfi-rigid-r2/cfi-rigid-r2-1080-03-2,1080,2160,PI_DIST,1,42,360,360,4,3.00,460,3600,2160,8640,0,8,6,171,356.4,1260,1260,,0,1260,0,108,,,10000,1,,0,0,1080,,,CERTIFIED,739,356.4,,,,PI,false,AUTO,1080,GLOBAL,8640,,CRYPTOMINISAT_XOR,179
cfi-rigid-r2,graphs/cfi-rigid-r2/cfi-rigid-r2-1080-04-1,1080,2160,PI_DIST,1,42,360,360,4,3.00,446,3600,2160,8640,0,8,6,177,356.4,1260,1260,,0,1260,0,107,,,10000,1,,0,0,1080,,,CERTIFIED,730,356.4,,,,PI,false,AUTO,1080,GLOBAL,8640,,CRYPTOMINISAT_XOR,178
cfi-rigid-r2,graphs/cfi-rigid-r2/cfi-rigid-r2-1080-04-2,1080,2160,PI_DIST,1,42,360,360,4,3.00,474,3600,2160,8640,0,8,6,177,356.4,1260,1260,,0,1260,0,106,,,10000,1,,0,0,1080,,,CERTIFIED,757,356.4,,,,PI,false,AUTO,1080,GLOBAL,8640,,CRYPTOMINISAT_XOR,178
cfi-rigid-r2,graphs/cfi-rigid-r2/cfi-rigid-r2-1152-01-1,1152,2304,PI_DIST,1,42,384,384,4,3.00,526,3840,2304,9216,0,8,6,201,357.1,1344,1344,,0,1344,0,119,,,10000,1,,0,0,1152,,,CERTIFIED,846,357.1,,,,PI,false,AUTO,1152,GLOBAL,9216,,CRYPTOMINISAT_XOR,192
cfi-rigid-r2,graphs/cfi-rigid-r2/cfi-rigid-r2-1152-01-2,1152,2304,PI_DIST,1,42,384,384,4,3.00,525,3840,2304,9216,0,8,6,194,357.1,1344,1344,,0,1344,0,115,,,10000,1,,0,0,1152,,,CERTIFIED,834,357.1,,,,PI,false,AUTO,1152,GLOBAL,9216,,CRYPTOMINISAT_XOR,192
cfi-rigid-r2,graphs/cfi-rigid-r2/cfi-rigid-r2-1152-02-1,1152,2304,PI_DIST,1,42,384,384,4,3.00,516,3840,2304,9216,0,8,6,188,357.1,1344,1344,,0,1344,0,120,,,10000,1,,0,0,1152,,,CERTIFIED,824,357.1,,,,PI,false,AUTO,1152,GLOBAL,9216,,CRYPTOMINISAT_XOR,189
cfi-rigid-r2,graphs/cfi-rigid-r2/cfi-rigid-r2-1152-02-2,1152,2304,PI_DIST,1,42,384,384,4,3.00,526,3840,2304,9216,0,8,6,187,416.4,1344,1344,,0,1344,0,115,,,10000,1,,0,0,1152,,,CERTIFIED,828,416.4,,,,PI,false,AUTO,1152,GLOBAL,9216,,CRYPTOMINISAT_XOR,189
cfi-rigid-r2,graphs/cfi-rigid-r2/cfi-rigid-r2-1152-03-1,1152,2304,PI_DIST,1,42,384,384,4,3.00,521,3840,2304,9216,0,8,6,190,420.0,1344,1344,,0,1344,0,113,,,10000,1,,0,0,1152,,,CERTIFIED,824,420.0,,,,PI,false,AUTO,1152,GLOBAL,9216,,CRYPTOMINISAT_XOR,191
cfi-rigid-r2,graphs/cfi-rigid-r2/cfi-rigid-r2-1152-03-2,1152,2304,PI_DIST,1,42,384,384,4,3.00,538,3840,2304,9216,0,8,6,198,420.0,1344,1344,,0,1344,0,115,,,10000,1,,0,0,1152,,,CERTIFIED,851,420.0,,,,PI,false,AUTO,1152,GLOBAL,9216,,CRYPTOMINISAT_XOR,191
cfi-rigid-r2,graphs/cfi-rigid-r2/cfi-rigid-r2-1152-04-1,1152,2304,PI_DIST,1,42,384,384,4,3.00,551,3840,2304,9216,0,8,6,191,420.0,1344,1344,,0,1344,0,116,,,10000,1,,0,0,1152,,,CERTIFIED,858,420.0,,,,PI,false,AUTO,1152,GLOBAL,9216,,CRYPTOMINISAT_XOR,188
cfi-rigid-r2,graphs/cfi-rigid-r2/cfi-rigid-r2-1152-04-2,1152,2304,PI_DIST,1,42,384,384,4,3.00,528,3840,2304,9216,0,8,6,185,420.0,1344,1344,,0,1344,0,115,,,10000,1,,0,0,1152,,,CERTIFIED,828,420.0,,,,PI,false,AUTO,1152,GLOBAL,9216,,CRYPTOMINISAT_XOR,188
cfi-rigid-r2,graphs/cfi-rigid-r2/cfi-rigid-r2-1224-01-1,1224,2448,PI_DIST,1,42,408,408,4,3.00,597,4080,2448,9792,0,8,6,204,422.4,1428,1428,,0,1428,0,121,,,10000,1,,0,0,1224,,,CERTIFIED,922,422.4,,,,PI,false,AUTO,1224,GLOBAL,9792,,CRYPTOMINISAT_XOR,202
cfi-rigid-r2,graphs/cfi-rigid-r2/cfi-rigid-r2-1224-01-2,1224,2448,PI_DIST,1,42,408,408,4,3.00,570,4080,2448,9792,0,8,6,202,422.7,1428,1428,,0,1428,0,121,,,10000,1,,0,0,1224,,,CERTIFIED,893,422.7,,,,PI,false,AUTO,1224,GLOBAL,9792,,CRYPTOMINISAT_XOR,202
cfi-rigid-r2,graphs/cfi-rigid-r2/cfi-rigid-r2-1224-02-1,1224,2448,PI_DIST,1,42,408,408,4,3.00,572,4080,2448,9792,0,8,6,197,422.7,1428,1428,,0,1428,0,127,,,10000,1,,0,0,1224,,,CERTIFIED,896,422.7,,,,PI,false,AUTO,1224,GLOBAL,9792,,CRYPTOMINISAT_XOR,199
cfi-rigid-r2,graphs/cfi-rigid-r2/cfi-rigid-r2-1224-02-2,1224,2448,PI_DIST,1,42,408,408,4,3.00,587,4080,2448,9792,0,8,6,196,422.7,1428,1428,,0,1428,0,123,,,10000,1,,0,0,1224,,,CERTIFIED,906,422.7,,,,PI,false,AUTO,1224,GLOBAL,9792,,CRYPTOMINISAT_XOR,199
cfi-rigid-r2,graphs/cfi-rigid-r2/cfi-rigid-r2-1224-03-1,1224,2448,PI_DIST,1,42,408,408,4,3.00,580,4080,2448,9792,0,8,6,209,423.7,1428,1428,,0,1428,0,127,,,10000,1,,0,0,1224,,,CERTIFIED,916,423.7,,,,PI,false,AUTO,1224,GLOBAL,9792,,CRYPTOMINISAT_XOR,194
cfi-rigid-r2,graphs/cfi-rigid-r2/cfi-rigid-r2-1224-03-2,1224,2448,PI_DIST,1,42,408,408,4,3.00,580,4080,2448,9792,0,8,6,204,423.7,1428,1428,,0,1428,0,129,,,10000,1,,0,0,1224,,,CERTIFIED,913,423.7,,,,PI,false,AUTO,1224,GLOBAL,9792,,CRYPTOMINISAT_XOR,194
cfi-rigid-r2,graphs/cfi-rigid-r2/cfi-rigid-r2-1224-04-1,1224,2448,PI_DIST,1,42,408,408,4,3.00,594,4080,2448,9792,0,8,6,202,423.7,1428,1428,,0,1428,0,124,,,10000,1,,0,0,1224,,,CERTIFIED,920,423.7,,,,PI,false,AUTO,1224,GLOBAL,9792,,CRYPTOMINISAT_XOR,201
cfi-rigid-r2,graphs/cfi-rigid-r2/cfi-rigid-r2-1224-04-2,1224,2448,PI_DIST,1,42,408,408,4,3.00,582,4080,2448,9792,0,8,6,202,423.7,1428,1428,,0,1428,0,123,,,10000,1,,0,0,1224,,,CERTIFIED,907,423.7,,,,PI,false,AUTO,1224,GLOBAL,9792,,CRYPTOMINISAT_XOR,201
cfi-rigid-r2,graphs/cfi-rigid-r2/cfi-rigid-r2-1296-01-1,1296,2592,PI_DIST,1,42,432,432,4,3.00,660,4320,2592,10368,0,8,6,217,426.2,1512,1512,,0,1512,0,130,,,10000,1,,0,0,1296,,,CERTIFIED,1007,426.2,,,,PI,false,AUTO,1296,GLOBAL,10368,,CRYPTOMINISAT_XOR,214
cfi-rigid-r2,graphs/cfi-rigid-r2/cfi-rigid-r2-1296-01-2,1296,2592,PI_DIST,1,42,432,432,4,3.00,650,4320,2592,10368,0,8,6,220,426.2,1512,1512,,0,1512,0,130,,,10000,1,,0,0,1296,,,CERTIFIED,1000,426.2,,,,PI,false,AUTO,1296,GLOBAL,10368,,CRYPTOMINISAT_XOR,214
cfi-rigid-r2,graphs/cfi-rigid-r2/cfi-rigid-r2-1296-02-1,1296,2592,PI_DIST,1,42,432,432,4,3.00,682,4320,2592,10368,0,8,6,217,426.2,1512,1512,,0,1512,0,129,,,10000,1,,0,0,1296,,,CERTIFIED,1028,426.2,,,,PI,false,AUTO,1296,GLOBAL,10368,,CRYPTOMINISAT_XOR,214
cfi-rigid-r2,graphs/cfi-rigid-r2/cfi-rigid-r2-1296-02-2,1296,2592,PI_DIST,1,42,432,432,4,3.00,648,4320,2592,10368,0,8,6,222,426.2,1512,1512,,0,1512,0,134,,,10000,1,,0,0,1296,,,CERTIFIED,1004,426.2,,,,PI,false,AUTO,1296,GLOBAL,10368,,CRYPTOMINISAT_XOR,214
cfi-rigid-r2,graphs/cfi-rigid-r2/cfi-rigid-r2-1296-03-1,1296,2592,PI_DIST,1,42,432,432,4,3.00,672,4320,2592,10368,0,8,6,215,426.2,1512,1512,,0,1512,0,135,,,10000,1,,0,0,1296,,,CERTIFIED,1022,426.2,,,,PI,false,AUTO,1296,GLOBAL,10368,,CRYPTOMINISAT_XOR,213
cfi-rigid-r2,graphs/cfi-rigid-r2/cfi-rigid-r2-1296-03-2,1296,2592,PI_DIST,1,42,432,432,4,3.00,689,4320,2592,10368,0,8,6,217,426.2,1512,1512,,0,1512,0,132,,,10000,1,,0,0,1296,,,CERTIFIED,1038,426.2,,,,PI,false,AUTO,1296,GLOBAL,10368,,CRYPTOMINISAT_XOR,213
cfi-rigid-r2,graphs/cfi-rigid-r2/cfi-rigid-r2-1296-04-1,1296,2592,PI_DIST,1,42,432,432,4,3.00,638,4320,2592,10368,0,8,6,215,427.2,1512,1512,,0,1512,0,138,,,10000,1,,0,0,1296,,,CERTIFIED,991,427.2,,,,PI,false,AUTO,1296,GLOBAL,10368,,CRYPTOMINISAT_XOR,211
cfi-rigid-r2,graphs/cfi-rigid-r2/cfi-rigid-r2-1296-04-2,1296,2592,PI_DIST,1,42,432,432,4,3.00,661,4320,2592,10368,0,8,6,216,427.2,1512,1512,,0,1512,0,130,,,10000,1,,0,0,1296,,,CERTIFIED,1007,427.2,,,,PI,false,AUTO,1296,GLOBAL,10368,,CRYPTOMINISAT_XOR,211
cfi-rigid-r2,graphs/cfi-rigid-r2/cfi-rigid-r2-1368-01-1,1368,2736,PI_DIST,1,42,456,456,4,3.00,707,4560,2736,10944,0,8,6,232,427.2,1596,1596,,0,1596,0,139,,,10000,1,,0,0,1368,,,CERTIFIED,1078,427.2,,,,PI,false,AUTO,1368,GLOBAL,10944,,CRYPTOMINISAT_XOR,225
cfi-rigid-r2,graphs/cfi-rigid-r2/cfi-rigid-r2-1368-01-2,1368,2736,PI_DIST,1,42,456,456,4,3.00,723,4560,2736,10944,0,8,6,230,427.7,1596,1596,,0,1596,0,140,,,10000,1,,0,0,1368,,,CERTIFIED,1093,427.7,,,,PI,false,AUTO,1368,GLOBAL,10944,,CRYPTOMINISAT_XOR,225
cfi-rigid-r2,graphs/cfi-rigid-r2/cfi-rigid-r2-1368-02-1,1368,2736,PI_DIST,1,42,456,456,4,3.00,733,4560,2736,10944,0,8,6,233,428.8,1596,1596,,0,1596,0,139,,,10000,1,,0,0,1368,,,CERTIFIED,1105,428.8,,,,PI,false,AUTO,1368,GLOBAL,10944,,CRYPTOMINISAT_XOR,223
cfi-rigid-r2,graphs/cfi-rigid-r2/cfi-rigid-r2-1368-02-2,1368,2736,PI_DIST,1,42,456,456,4,3.00,724,4560,2736,10944,0,8,6,234,430.2,1596,1596,,0,1596,0,140,,,10000,1,,0,0,1368,,,CERTIFIED,1098,430.2,,,,PI,false,AUTO,1368,GLOBAL,10944,,CRYPTOMINISAT_XOR,223
cfi-rigid-r2,graphs/cfi-rigid-r2/cfi-rigid-r2-1368-03-1,1368,2736,PI_DIST,1,42,456,456,4,3.00,727,4560,2736,10944,0,8,6,243,430.2,1596,1596,,0,1596,0,140,,,10000,1,,0,0,1368,,,CERTIFIED,1110,430.2,,,,PI,false,AUTO,1368,GLOBAL,10944,,CRYPTOMINISAT_XOR,225
cfi-rigid-r2,graphs/cfi-rigid-r2/cfi-rigid-r2-1368-03-2,1368,2736,PI_DIST,1,42,456,456,4,3.00,717,4560,2736,10944,0,8,6,236,430.2,1596,1596,,0,1596,0,142,,,10000,1,,0,0,1368,,,CERTIFIED,1095,430.2,,,,PI,false,AUTO,1368,GLOBAL,10944,,CRYPTOMINISAT_XOR,225
cfi-rigid-r2,graphs/cfi-rigid-r2/cfi-rigid-r2-1368-04-1,1368,2736,PI_DIST,1,42,456,456,4,3.00,745,4560,2736,10944,0,8,6,229,430.2,1596,1596,,0,1596,0,138,,,10000,1,,0,0,1368,,,CERTIFIED,1112,430.2,,,,PI,false,AUTO,1368,GLOBAL,10944,,CRYPTOMINISAT_XOR,225
cfi-rigid-r2,graphs/cfi-rigid-r2/cfi-rigid-r2-1368-04-2,1368,2736,PI_DIST,1,42,456,456,4,3.00,741,4560,2736,10944,0,8,6,229,431.3,1596,1596,,0,1596,0,138,,,10000,1,,0,0,1368,,,CERTIFIED,1108,431.3,,,,PI,false,AUTO,1368,GLOBAL,10944,,CRYPTOMINISAT_XOR,225
cfi-rigid-r2,graphs/cfi-rigid-r2/cfi-rigid-r2-1440-01-1,1440,2880,PI_DIST,1,42,480,480,4,3.00,799,4800,2880,11520,0,8,6,248,432.4,1680,1680,,0,1680,0,157,,,10000,1,,0,0,1440,,,CERTIFIED,1204,432.4,,,,PI,false,AUTO,1440,GLOBAL,11520,,CRYPTOMINISAT_XOR,236
cfi-rigid-r2,graphs/cfi-rigid-r2/cfi-rigid-r2-1440-01-2,1440,2880,PI_DIST,1,42,480,480,4,3.00,799,4800,2880,11520,0,8,6,249,432.4,1680,1680,,0,1680,0,151,,,10000,1,,0,0,1440,,,CERTIFIED,1199,432.4,,,,PI,false,AUTO,1440,GLOBAL,11520,,CRYPTOMINISAT_XOR,236
cfi-rigid-r2,graphs/cfi-rigid-r2/cfi-rigid-r2-1440-02-1,1440,2880,PI_DIST,1,42,480,480,4,3.00,810,4800,2880,11520,0,8,6,249,432.4,1680,1680,,0,1680,0,152,,,10000,1,,0,0,1440,,,CERTIFIED,1211,432.4,,,,PI,false,AUTO,1440,GLOBAL,11520,,CRYPTOMINISAT_XOR,237
cfi-rigid-r2,graphs/cfi-rigid-r2/cfi-rigid-r2-1440-02-2,1440,2880,PI_DIST,1,42,480,480,4,3.00,812,4800,2880,11520,0,8,6,248,433.2,1680,1680,,0,1680,0,147,,,10000,1,,0,0,1440,,,CERTIFIED,1207,433.2,,,,PI,false,AUTO,1440,GLOBAL,11520,,CRYPTOMINISAT_XOR,237
cfi-rigid-r2,graphs/cfi-rigid-r2/cfi-rigid-r2-1440-03-1,1440,2880,PI_DIST,1,42,480,480,4,3.00,824,4800,2880,11520,0,8,6,254,433.2,1680,1680,,0,1680,0,149,,,10000,1,,0,0,1440,,,CERTIFIED,1227,433.2,,,,PI,false,AUTO,1440,GLOBAL,11520,,CRYPTOMINISAT_XOR,238
cfi-rigid-r2,graphs/cfi-rigid-r2/cfi-rigid-r2-1440-03-2,1440,2880,PI_DIST,1,42,480,480,4,3.00,830,4800,2880,11520,0,8,6,255,433.2,1680,1680,,0,1680,0,147,,,10000,1,,0,0,1440,,,CERTIFIED,1232,433.2,,,,PI,false,AUTO,1440,GLOBAL,11520,,CRYPTOMINISAT_XOR,238
cfi-rigid-r2,graphs/cfi-rigid-r2/cfi-rigid-r2-1440-04-1,1440,2880,PI_DIST,1,42,480,480,4,3.00,870,4800,2880,11520,0,8,6,248,433.8,1680,1680,,0,1680,0,150,,,10000,1,,0,0,1440,,,CERTIFIED,1268,433.8,,,,PI,false,AUTO,1440,GLOBAL,11520,,CRYPTOMINISAT_XOR,237
cfi-rigid-r2,graphs/cfi-rigid-r2/cfi-rigid-r2-1440-04-2,1440,2880,PI_DIST,1,42,480,480,4,3.00,792,4800,2880,11520,0,8,6,255,433.8,1680,1680,,0,1680,0,152,,,10000,1,,0,0,1440,,,CERTIFIED,1199,433.8,,,,PI,false,AUTO,1440,GLOBAL,11520,,CRYPTOMINISAT_XOR,237
cfi-rigid-r2,graphs/cfi-rigid-r2/cfi-rigid-r2-1512-01-1,1512,3024,PI_DIST,1,42,504,504,4,3.00,893,5040,3024,12096,0,8,6,262,435.5,1764,1764,,0,1764,0,159,,,10000,1,,0,0,1512,,,CERTIFIED,1314,435.5,,,,PI,false,AUTO,1512,GLOBAL,12096,,CRYPTOMINISAT_XOR,248
cfi-rigid-r2,graphs/cfi-rigid-r2/cfi-rigid-r2-1512-01-2,1512,3024,PI_DIST,1,42,504,504,4,3.00,906,5040,3024,12096,0,8,6,259,436.0,1764,1764,,0,1764,0,159,,,10000,1,,0,0,1512,,,CERTIFIED,1324,436.0,,,,PI,false,AUTO,1512,GLOBAL,12096,,CRYPTOMINISAT_XOR,248
cfi-rigid-r2,graphs/cfi-rigid-r2/cfi-rigid-r2-1512-02-1,1512,3024,PI_DIST,1,42,504,504,4,3.00,884,5040,3024,12096,0,8,6,262,436.3,1764,1764,,0,1764,0,158,,,10000,1,,0,0,1512,,,CERTIFIED,1304,436.3,,,,PI,false,AUTO,1512,GLOBAL,12096,,CRYPTOMINISAT_XOR,246
cfi-rigid-r2,graphs/cfi-rigid-r2/cfi-rigid-r2-1512-02-2,1512,3024,PI_DIST,1,42,504,504,4,3.00,874,5040,3024,12096,0,8,6,260,437.2,1764,1764,,0,1764,0,158,,,10000,1,,0,0,1512,,,CERTIFIED,1292,437.2,,,,PI,false,AUTO,1512,GLOBAL,12096,,CRYPTOMINISAT_XOR,246
cfi-rigid-r2,graphs/cfi-rigid-r2/cfi-rigid-r2-1512-03-1,1512,3024,PI_DIST,1,42,504,504,4,3.00,909,5040,3024,12096,0,8,6,262,437.6,1764,1764,,0,1764,0,155,,,10000,1,,0,0,1512,,,CERTIFIED,1326,437.6,,,,PI,false,AUTO,1512,GLOBAL,12096,,CRYPTOMINISAT_XOR,249
cfi-rigid-r2,graphs/cfi-rigid-r2/cfi-rigid-r2-1512-03-2,1512,3024,PI_DIST,1,42,504,504,4,3.00,896,5040,3024,12096,0,8,6,262,437.9,1764,1764,,0,1764,0,157,,,10000,1,,0,0,1512,,,CERTIFIED,1315,437.9,,,,PI,false,AUTO,1512,GLOBAL,12096,,CRYPTOMINISAT_XOR,249
cfi-rigid-r2,graphs/cfi-rigid-r2/cfi-rigid-r2-1512-04-1,1512,3024,PI_DIST,1,42,504,504,4,3.00,914,5040,3024,12096,0,8,6,269,438.2,1764,1764,,0,1764,0,156,,,10000,1,,0,0,1512,,,CERTIFIED,1339,438.2,,,,PI,false,AUTO,1512,GLOBAL,12096,,CRYPTOMINISAT_XOR,250
cfi-rigid-r2,graphs/cfi-rigid-r2/cfi-rigid-r2-1512-04-2,1512,3024,PI_DIST,1,42,504,504,4,3.00,889,5040,3024,12096,0,8,6,262,438.2,1764,1764,,0,1764,0,156,,,10000,1,,0,0,1512,,,CERTIFIED,1307,438.2,,,,PI,false,AUTO,1512,GLOBAL,12096,,CRYPTOMINISAT_XOR,250
cfi-rigid-r2,graphs/cfi-rigid-r2/cfi-rigid-r2-1584-01-1,1584,3168,PI_DIST,1,42,528,528,4,3.00,1013,5280,3168,12672,0,8,6,284,439.7,1848,1848,,0,1848,0,170,,,10000,1,,0,0,1584,,,CERTIFIED,1467,439.7,,,,PI,false,AUTO,1584,GLOBAL,12672,,CRYPTOMINISAT_XOR,258
cfi-rigid-r2,graphs/cfi-rigid-r2/cfi-rigid-r2-1584-01-2,1584,3168,PI_DIST,1,42,528,528,4,3.00,1005,5280,3168,12672,0,8,6,280,442.7,1848,1848,,0,1848,0,168,,,10000,1,,0,0,1584,,,CERTIFIED,1453,442.7,,,,PI,false,AUTO,1584,GLOBAL,12672,,CRYPTOMINISAT_XOR,258
cfi-rigid-r2,graphs/cfi-rigid-r2/cfi-rigid-r2-1584-02-1,1584,3168,PI_DIST,1,42,528,528,4,3.00,1010,5280,3168,12672,0,8,6,288,442.7,1848,1848,,0,1848,0,168,,,10000,1,,0,0,1584,,,CERTIFIED,1466,442.7,,,,PI,false,AUTO,1584,GLOBAL,12672,,CRYPTOMINISAT_XOR,263
cfi-rigid-r2,graphs/cfi-rigid-r2/cfi-rigid-r2-1584-02-2,1584,3168,PI_DIST,1,42,528,528,4,3.00,1012,5280,3168,12672,0,8,6,289,442.7,1848,1848,,0,1848,0,170,,,10000,1,,0,0,1584,,,CERTIFIED,1471,442.7,,,,PI,false,AUTO,1584,GLOBAL,12672,,CRYPTOMINISAT_XOR,263
cfi-rigid-r2,graphs/cfi-rigid-r2/cfi-rigid-r2-1584-03-1,1584,3168,PI_DIST,1,42,528,528,4,3.00,1006,5280,3168,12672,0,8,6,282,442.7,1848,1848,,0,1848,0,169,,,10000,1,,0,0,1584,,,CERTIFIED,1457,442.7,,,,PI,false,AUTO,1584,GLOBAL,12672,,CRYPTOMINISAT_XOR,262
cfi-rigid-r2,graphs/cfi-rigid-r2/cfi-rigid-r2-1584-03-2,1584,3168,PI_DIST,1,42,528,528,4,3.00,977,5280,3168,12672,0,8,6,277,442.7,1848,1848,,0,1848,0,166,,,10000,1,,0,0,1584,,,CERTIFIED,1420,442.7,,,,PI,false,AUTO,1584,GLOBAL,12672,,CRYPTOMINISAT_XOR,262
cfi-rigid-r2,graphs/cfi-rigid-r2/cfi-rigid-r2-1584-04-1,1584,3168,PI_DIST,1,42,528,528,4,3.00,990,5280,3168,12672,0,8,6,289,444.2,1848,1848,,0,1848,0,171,,,10000,1,,0,0,1584,,,CERTIFIED,1450,444.2,,,,PI,false,AUTO,1584,GLOBAL,12672,,CRYPTOMINISAT_XOR,261
cfi-rigid-r2,graphs/cfi-rigid-r2/cfi-rigid-r2-1584-04-2,1584,3168,PI_DIST,1,42,528,528,4,3.00,981,5280,3168,12672,0,8,6,290,444.2,1848,1848,,0,1848,0,170,,,10000,1,,0,0,1584,,,CERTIFIED,1441,444.2,,,,PI,false,AUTO,1584,GLOBAL,12672,,CRYPTOMINISAT_XOR,261
cfi-rigid-r2,graphs/cfi-rigid-r2/cfi-rigid-r2-1656-01-1,1656,3312,PI_DIST,1,42,552,552,4,3.00,1111,5520,3312,13248,0,8,6,300,444.2,1932,1932,,0,1932,0,176,,,10000,1,,0,0,1656,,,CERTIFIED,1587,444.2,,,,PI,false,AUTO,1656,GLOBAL,13248,,CRYPTOMINISAT_XOR,273
cfi-rigid-r2,graphs/cfi-rigid-r2/cfi-rigid-r2-1656-01-2,1656,3312,PI_DIST,1,42,552,552,4,3.00,1125,5520,3312,13248,0,8,6,305,447.3,1932,1932,,0,1932,0,177,,,10000,1,,0,0,1656,,,CERTIFIED,1607,447.3,,,,PI,false,AUTO,1656,GLOBAL,13248,,CRYPTOMINISAT_XOR,273
cfi-rigid-r2,graphs/cfi-rigid-r2/cfi-rigid-r2-1656-02-1,1656,3312,PI_DIST,1,42,552,552,4,3.00,1103,5520,3312,13248,0,8,6,296,447.3,1932,1932,,0,1932,0,181,,,10000,1,,0,0,1656,,,CERTIFIED,1580,447.3,,,,PI,false,AUTO,1656,GLOBAL,13248,,CRYPTOMINISAT_XOR,269
cfi-rigid-r2,graphs/cfi-rigid-r2/cfi-rigid-r2-1656-02-2,1656,3312,PI_DIST,1,42,552,552,4,3.00,1068,5520,3312,13248,0,8,6,294,447.3,1932,1932,,0,1932,0,182,,,10000,1,,0,0,1656,,,CERTIFIED,1544,447.3,,,,PI,false,AUTO,1656,GLOBAL,13248,,CRYPTOMINISAT_XOR,269
cfi-rigid-r2,graphs/cfi-rigid-r2/cfi-rigid-r2-1656-03-1,1656,3312,PI_DIST,1,42,552,552,4,3.00,1114,5520,3312,13248,0,8,6,291,447.3,1932,1932,,0,1932,0,176,,,10000,1,,0,0,1656,,,CERTIFIED,1581,447.3,,,,PI,false,AUTO,1656,GLOBAL,13248,,CRYPTOMINISAT_XOR,273
cfi-rigid-r2,graphs/cfi-rigid-r2/cfi-rigid-r2-1656-03-2,1656,3312,PI_DIST,1,42,552,552,4,3.00,1119,5520,3312,13248,0,8,6,328,448.0,1932,1932,,0,1932,0,208,,,10000,1,,0,0,1656,,,CERTIFIED,1655,448.0,,,,PI,false,AUTO,1656,GLOBAL,13248,,CRYPTOMINISAT_XOR,273
cfi-rigid-r2,graphs/cfi-rigid-r2/cfi-rigid-r2-1656-04-1,1656,3312,PI_DIST,1,42,552,552,4,3.00,1122,5520,3312,13248,0,8,6,295,448.0,1932,1932,,0,1932,0,196,,,10000,1,,0,0,1656,,,CERTIFIED,1613,448.0,,,,PI,false,AUTO,1656,GLOBAL,13248,,CRYPTOMINISAT_XOR,276
cfi-rigid-r2,graphs/cfi-rigid-r2/cfi-rigid-r2-1656-04-2,1656,3312,PI_DIST,1,42,552,552,4,3.00,1093,5520,3312,13248,0,8,6,294,448.0,1932,1932,,0,1932,0,182,,,10000,1,,0,0,1656,,,CERTIFIED,1569,448.0,,,,PI,false,AUTO,1656,GLOBAL,13248,,CRYPTOMINISAT_XOR,276
cfi-rigid-r2,graphs/cfi-rigid-r2/cfi-rigid-r2-1728-01-1,1728,3456,PI_DIST,1,42,576,576,4,3.00,1190,5760,3456,13824,0,8,6,340,450.0,2016,2016,,0,2016,0,209,,,10000,1,,0,0,1728,,,CERTIFIED,1739,450.0,,,,PI,false,AUTO,1728,GLOBAL,13824,,CRYPTOMINISAT_XOR,287
cfi-rigid-r2,graphs/cfi-rigid-r2/cfi-rigid-r2-1728-01-2,1728,3456,PI_DIST,1,42,576,576,4,3.00,1242,5760,3456,13824,0,8,6,317,450.2,2016,2016,,0,2016,0,203,,,10000,1,,0,0,1728,,,CERTIFIED,1762,450.2,,,,PI,false,AUTO,1728,GLOBAL,13824,,CRYPTOMINISAT_XOR,287
cfi-rigid-r2,graphs/cfi-rigid-r2/cfi-rigid-r2-1728-02-1,1728,3456,PI_DIST,1,42,576,576,4,3.00,1244,5760,3456,13824,0,8,6,313,450.8,2016,2016,,0,2016,0,189,,,10000,1,,0,0,1728,,,CERTIFIED,1746,450.8,,,,PI,false,AUTO,1728,GLOBAL,13824,,CRYPTOMINISAT_XOR,281
cfi-rigid-r2,graphs/cfi-rigid-r2/cfi-rigid-r2-1728-02-2,1728,3456,PI_DIST,1,42,576,576,4,3.00,1202,5760,3456,13824,0,8,6,319,451.1,2016,2016,,0,2016,0,224,,,10000,1,,0,0,1728,,,CERTIFIED,1745,451.1,,,,PI,false,AUTO,1728,GLOBAL,13824,,CRYPTOMINISAT_XOR,281
cfi-rigid-r2,graphs/cfi-rigid-r2/cfi-rigid-r2-1728-03-1,1728,3456,PI_DIST,1,42,576,576,4,3.00,1225,5760,3456,13824,0,8,6,322,451.3,2016,2016,,0,2016,0,188,,,10000,1,,0,0,1728,,,CERTIFIED,1735,451.3,,,,PI,false,AUTO,1728,GLOBAL,13824,,CRYPTOMINISAT_XOR,285
cfi-rigid-r2,graphs/cfi-rigid-r2/cfi-rigid-r2-1728-03-2,1728,3456,PI_DIST,1,42,576,576,4,3.00,1194,5760,3456,13824,0,8,6,317,451.5,2016,2016,,0,2016,0,187,,,10000,1,,0,0,1728,,,CERTIFIED,1698,451.5,,,,PI,false,AUTO,1728,GLOBAL,13824,,CRYPTOMINISAT_XOR,285
cfi-rigid-r2,graphs/cfi-rigid-r2/cfi-rigid-r2-1728-04-1,1728,3456,PI_DIST,1,42,576,576,4,3.00,1249,5760,3456,13824,0,8,6,323,452.4,2016,2016,,0,2016,0,189,,,10000,1,,0,0,1728,,,CERTIFIED,1761,452.4,,,,PI,false,AUTO,1728,GLOBAL,13824,,CRYPTOMINISAT_XOR,284
cfi-rigid-r2,graphs/cfi-rigid-r2/cfi-rigid-r2-1728-04-2,1728,3456,PI_DIST,1,42,576,576,4,3.00,1220,5760,3456,13824,0,8,6,319,452.6,2016,2016,,0,2016,0,200,,,10000,1,,0,0,1728,,,CERTIFIED,1739,452.6,,,,PI,false,AUTO,1728,GLOBAL,13824,,CRYPTOMINISAT_XOR,284
cfi-rigid-r2,graphs/cfi-rigid-r2/cfi-rigid-r2-1800-01-1,1800,3600,PI_DIST,1,42,600,600,4,3.00,1307,6000,3600,14400,0,8,6,331,452.9,2100,2100,,0,2100,0,199,,,10000,1,,0,0,1800,,,CERTIFIED,1837,452.9,,,,PI,false,AUTO,1800,GLOBAL,14400,,CRYPTOMINISAT_XOR,295
cfi-rigid-r2,graphs/cfi-rigid-r2/cfi-rigid-r2-1800-01-2,1800,3600,PI_DIST,1,42,600,600,4,3.00,1292,6000,3600,14400,0,8,6,337,454.5,2100,2100,,0,2100,0,196,,,10000,1,,0,0,1800,,,CERTIFIED,1825,454.5,,,,PI,false,AUTO,1800,GLOBAL,14400,,CRYPTOMINISAT_XOR,295
cfi-rigid-r2,graphs/cfi-rigid-r2/cfi-rigid-r2-1800-02-1,1800,3600,PI_DIST,1,42,600,600,4,3.00,1314,6000,3600,14400,0,8,6,340,456.3,2100,2100,,0,2100,0,197,,,10000,1,,0,0,1800,,,CERTIFIED,1851,456.3,,,,PI,false,AUTO,1800,GLOBAL,14400,,CRYPTOMINISAT_XOR,295
cfi-rigid-r2,graphs/cfi-rigid-r2/cfi-rigid-r2-1800-02-2,1800,3600,PI_DIST,1,42,600,600,4,3.00,1289,6000,3600,14400,0,8,6,331,456.3,2100,2100,,0,2100,0,208,,,10000,1,,0,0,1800,,,CERTIFIED,1828,456.3,,,,PI,false,AUTO,1800,GLOBAL,14400,,CRYPTOMINISAT_XOR,295
cfi-rigid-r2,graphs/cfi-rigid-r2/cfi-rigid-r2-1800-03-1,1800,3600,PI_DIST,1,42,600,600,4,3.00,1338,6000,3600,14400,0,8,6,331,456.3,2100,2100,,0,2100,0,204,,,10000,1,,0,0,1800,,,CERTIFIED,1873,456.3,,,,PI,false,AUTO,1800,GLOBAL,14400,,CRYPTOMINISAT_XOR,296
cfi-rigid-r2,graphs/cfi-rigid-r2/cfi-rigid-r2-1800-03-2,1800,3600,PI_DIST,1,42,600,600,4,3.00,1344,6000,3600,14400,0,8,6,334,456.3,2100,2100,,0,2100,0,210,,,10000,1,,0,0,1800,,,CERTIFIED,1888,456.3,,,,PI,false,AUTO,1800,GLOBAL,14400,,CRYPTOMINISAT_XOR,296
cfi-rigid-r2,graphs/cfi-rigid-r2/cfi-rigid-r2-1800-04-1,1800,3600,PI_DIST,1,42,600,600,4,3.00,1308,6000,3600,14400,0,8,6,332,457.7,2100,2100,,0,2100,0,203,,,10000,1,,0,0,1800,,,CERTIFIED,1843,457.7,,,,PI,false,AUTO,1800,GLOBAL,14400,,CRYPTOMINISAT_XOR,298
cfi-rigid-r2,graphs/cfi-rigid-r2/cfi-rigid-r2-1800-04-2,1800,3600,PI_DIST,1,42,600,600,4,3.00,1303,6000,3600,14400,0,8,6,331,457.7,2100,2100,,0,2100,0,199,,,10000,1,,0,0,1800,,,CERTIFIED,1833,457.7,,,,PI,false,AUTO,1800,GLOBAL,14400,,CRYPTOMINISAT_XOR,298
cfi-rigid-r2,graphs/cfi-rigid-r2/cfi-rigid-r2-1872-01-1,1872,3744,PI_DIST,1,42,624,624,4,3.00,1403,6240,3744,14976,0,8,6,350,460.4,2184,2184,,0,2184,0,209,,,10000,1,,0,0,1872,,,CERTIFIED,1962,460.4,,,,PI,false,AUTO,1872,GLOBAL,14976,,CRYPTOMINISAT_XOR,305
cfi-rigid-r2,graphs/cfi-rigid-r2/cfi-rigid-r2-1872-01-2,1872,3744,PI_DIST,1,42,624,624,4,3.00,1397,6240,3744,14976,0,8,6,356,460.4,2184,2184,,0,2184,0,226,,,10000,1,,0,0,1872,,,CERTIFIED,1979,460.4,,,,PI,false,AUTO,1872,GLOBAL,14976,,CRYPTOMINISAT_XOR,305
cfi-rigid-r2,graphs/cfi-rigid-r2/cfi-rigid-r2-1872-02-1,1872,3744,PI_DIST,1,42,624,624,4,3.00,1437,6240,3744,14976,0,8,6,358,461.5,2184,2184,,0,2184,0,207,,,10000,1,,0,0,1872,,,CERTIFIED,2002,461.5,,,,PI,false,AUTO,1872,GLOBAL,14976,,CRYPTOMINISAT_XOR,305
cfi-rigid-r2,graphs/cfi-rigid-r2/cfi-rigid-r2-1872-02-2,1872,3744,PI_DIST,1,42,624,624,4,3.00,1385,6240,3744,14976,0,8,6,347,461.5,2184,2184,,0,2184,0,207,,,10000,1,,0,0,1872,,,CERTIFIED,1939,461.5,,,,PI,false,AUTO,1872,GLOBAL,14976,,CRYPTOMINISAT_XOR,305
cfi-rigid-r2,graphs/cfi-rigid-r2/cfi-rigid-r2-1872-03-1,1872,3744,PI_DIST,1,42,624,624,4,3.00,1408,6240,3744,14976,0,8,6,354,461.5,2184,2184,,0,2184,0,205,,,10000,1,,0,0,1872,,,CERTIFIED,1967,461.5,,,,PI,false,AUTO,1872,GLOBAL,14976,,CRYPTOMINISAT_XOR,308
cfi-rigid-r2,graphs/cfi-rigid-r2/cfi-rigid-r2-1872-03-2,1872,3744,PI_DIST,1,42,624,624,4,3.00,1439,6240,3744,14976,0,8,6,350,461.5,2184,2184,,0,2184,0,217,,,10000,1,,0,0,1872,,,CERTIFIED,2006,461.5,,,,PI,false,AUTO,1872,GLOBAL,14976,,CRYPTOMINISAT_XOR,308
cfi-rigid-r2,graphs/cfi-rigid-r2/cfi-rigid-r2-1872-04-1,1872,3744,PI_DIST,1,42,624,624,4,3.00,1454,6240,3744,14976,0,8,6,355,462.4,2184,2184,,0,2184,0,216,,,10000,1,,0,0,1872,,,CERTIFIED,2025,462.4,,,,PI,false,AUTO,1872,GLOBAL,14976,,CRYPTOMINISAT_XOR,305
cfi-rigid-r2,graphs/cfi-rigid-r2/cfi-rigid-r2-1872-04-2,1872,3744,PI_DIST,1,42,624,624,4,3.00,1436,6240,3744,14976,0,8,6,346,462.4,2184,2184,,0,2184,0,206,,,10000,1,,0,0,1872,,,CERTIFIED,1988,462.4,,,,PI,false,AUTO,1872,GLOBAL,14976,,CRYPTOMINISAT_XOR,305
cfi-rigid-r2,graphs/cfi-rigid-r2/cfi-rigid-r2-1944-01-1,1944,3888,PI_DIST,1,42,648,648,4,3.00,1550,6480,3888,15552,0,8,6,374,463.3,2268,2268,,0,2268,0,236,,,10000,1,,0,0,1944,,,CERTIFIED,2160,463.3,,,,PI,false,AUTO,1944,GLOBAL,15552,,CRYPTOMINISAT_XOR,320
cfi-rigid-r2,graphs/cfi-rigid-r2/cfi-rigid-r2-1944-01-2,1944,3888,PI_DIST,1,42,648,648,4,3.00,1582,6480,3888,15552,0,8,6,365,463.3,2268,2268,,0,2268,0,234,,,10000,1,,0,0,1944,,,CERTIFIED,2181,463.3,,,,PI,false,AUTO,1944,GLOBAL,15552,,CRYPTOMINISAT_XOR,320
cfi-rigid-r2,graphs/cfi-rigid-r2/cfi-rigid-r2-1944-02-1,1944,3888,PI_DIST,1,42,648,648,4,3.00,1541,6480,3888,15552,0,8,6,362,465.6,2268,2268,,0,2268,0,217,,,10000,1,,0,0,1944,,,CERTIFIED,2120,465.6,,,,PI,false,AUTO,1944,GLOBAL,15552,,CRYPTOMINISAT_XOR,317
cfi-rigid-r2,graphs/cfi-rigid-r2/cfi-rigid-r2-1944-02-2,1944,3888,PI_DIST,1,42,648,648,4,3.00,2167,6480,3888,15552,0,8,6,518,465.6,2268,2268,,0,2268,0,302,,,10000,1,,0,0,1944,,,CERTIFIED,2987,465.6,,,,PI,false,AUTO,1944,GLOBAL,15552,,CRYPTOMINISAT_XOR,317
cfi-rigid-r2,graphs/cfi-rigid-r2/cfi-rigid-r2-1944-03-1,1944,3888,PI_DIST,1,42,648,648,4,3.00,1898,6480,3888,15552,0,8,6,368,465.6,2268,2268,,0,2268,0,229,,,10000,1,,0,0,1944,,,CERTIFIED,2495,465.6,,,,PI,false,AUTO,1944,GLOBAL,15552,,CRYPTOMINISAT_XOR,319
cfi-rigid-r2,graphs/cfi-rigid-r2/cfi-rigid-r2-1944-03-2,1944,3888,PI_DIST,1,42,648,648,4,3.00,1548,6480,3888,15552,0,8,6,371,465.6,2268,2268,,0,2268,0,231,,,10000,1,,0,0,1944,,,CERTIFIED,2150,465.6,,,,PI,false,AUTO,1944,GLOBAL,15552,,CRYPTOMINISAT_XOR,319
cfi-rigid-r2,graphs/cfi-rigid-r2/cfi-rigid-r2-1944-04-1,1944,3888,PI_DIST,1,42,648,648,4,3.00,1508,6480,3888,15552,0,8,6,368,466.8,2268,2268,,0,2268,0,242,,,10000,1,,0,0,1944,,,CERTIFIED,2118,466.8,,,,PI,false,AUTO,1944,GLOBAL,15552,,CRYPTOMINISAT_XOR,321
cfi-rigid-r2,graphs/cfi-rigid-r2/cfi-rigid-r2-1944-04-2,1944,3888,PI_DIST,1,42,648,648,4,3.00,1565,6480,3888,15552,0,8,6,371,466.8,2268,2268,,0,2268,0,228,,,10000,1,,0,0,1944,,,CERTIFIED,2164,466.8,,,,PI,false,AUTO,1944,GLOBAL,15552,,CRYPTOMINISAT_XOR,321
cfi-rigid-r2,graphs/cfi-rigid-r2/cfi-rigid-r2-2016-01-1,2016,4032,PI_DIST,1,42,672,672,4,3.00,1662,6720,4032,16128,0,8,6,390,469.1,2352,2352,,0,2352,0,245,,,10000,1,,0,0,2016,,,CERTIFIED,2297,469.1,,,,PI,false,AUTO,2016,GLOBAL,16128,,CRYPTOMINISAT_XOR,330
cfi-rigid-r2,graphs/cfi-rigid-r2/cfi-rigid-r2-2016-01-2,2016,4032,PI_DIST,1,42,672,672,4,3.00,1620,6720,4032,16128,0,8,6,380,472.1,2352,2352,,0,2352,0,226,,,10000,1,,0,0,2016,,,CERTIFIED,2226,472.1,,,,PI,false,AUTO,2016,GLOBAL,16128,,CRYPTOMINISAT_XOR,330
cfi-rigid-r2,graphs/cfi-rigid-r2/cfi-rigid-r2-2016-02-1,2016,4032,PI_DIST,1,42,672,672,4,3.00,1642,6720,4032,16128,0,8,6,381,472.1,2352,2352,,0,2352,0,235,,,10000,1,,0,0,2016,,,CERTIFIED,2258,472.1,,,,PI,false,AUTO,2016,GLOBAL,16128,,CRYPTOMINISAT_XOR,330
cfi-rigid-r2,graphs/cfi-rigid-r2/cfi-rigid-r2-2016-02-2,2016,4032,PI_DIST,1,42,672,672,4,3.00,1709,6720,4032,16128,0,8,6,392,472.1,2352,2352,,0,2352,0,233,,,10000,1,,0,0,2016,,,CERTIFIED,2334,472.1,,,,PI,false,AUTO,2016,GLOBAL,16128,,CRYPTOMINISAT_XOR,330
cfi-rigid-r2,graphs/cfi-rigid-r2/cfi-rigid-r2-2016-03-1,2016,4032,PI_DIST,1,42,672,672,4,3.00,1675,6720,4032,16128,0,8,6,399,472.1,2352,2352,,0,2352,0,231,,,10000,1,,0,0,2016,,,CERTIFIED,2305,472.1,,,,PI,false,AUTO,2016,GLOBAL,16128,,CRYPTOMINISAT_XOR,332
cfi-rigid-r2,graphs/cfi-rigid-r2/cfi-rigid-r2-2016-03-2,2016,4032,PI_DIST,1,42,672,672,4,3.00,1626,6720,4032,16128,0,8,6,397,472.1,2352,2352,,0,2352,0,231,,,10000,1,,0,0,2016,,,CERTIFIED,2254,472.1,,,,PI,false,AUTO,2016,GLOBAL,16128,,CRYPTOMINISAT_XOR,332
cfi-rigid-r2,graphs/cfi-rigid-r2/cfi-rigid-r2-2016-04-1,2016,4032,PI_DIST,1,42,672,672,4,3.00,1730,6720,4032,16128,0,8,6,415,472.1,2352,2352,,0,2352,0,248,,,10000,1,,0,0,2016,,,CERTIFIED,2393,472.1,,,,PI,false,AUTO,2016,GLOBAL,16128,,CRYPTOMINISAT_XOR,331
cfi-rigid-r2,graphs/cfi-rigid-r2/cfi-rigid-r2-2016-04-2,2016,4032,PI_DIST,1,42,672,672,4,3.00,1712,6720,4032,16128,0,8,6,385,472.1,2352,2352,,0,2352,0,244,,,10000,1,,0,0,2016,,,CERTIFIED,2341,472.1,,,,PI,false,AUTO,2016,GLOBAL,16128,,CRYPTOMINISAT_XOR,331
cfi-rigid-r2,graphs/cfi-rigid-r2/cfi-rigid-r2-2088-01-1,2088,4176,PI_DIST,1,42,696,696,4,3.00,1807,6960,4176,16704,0,8,6,411,475.7,2436,2436,,0,2436,0,244,,,10000,1,,0,0,2088,,,CERTIFIED,2462,475.7,,,,PI,false,AUTO,2088,GLOBAL,16704,,CRYPTOMINISAT_XOR,342
cfi-rigid-r2,graphs/cfi-rigid-r2/cfi-rigid-r2-2088-01-2,2088,4176,PI_DIST,1,42,696,696,4,3.00,1851,6960,4176,16704,0,8,6,408,476.5,2436,2436,,0,2436,0,249,,,10000,1,,0,0,2088,,,CERTIFIED,2508,476.5,,,,PI,false,AUTO,2088,GLOBAL,16704,,CRYPTOMINISAT_XOR,342
cfi-rigid-r2,graphs/cfi-rigid-r2/cfi-rigid-r2-2088-02-1,2088,4176,PI_DIST,1,42,696,696,4,3.00,1785,6960,4176,16704,0,8,6,404,477.2,2436,2436,,0,2436,0,260,,,10000,1,,0,0,2088,,,CERTIFIED,2449,477.2,,,,PI,false,AUTO,2088,GLOBAL,16704,,CRYPTOMINISAT_XOR,343
cfi-rigid-r2,graphs/cfi-rigid-r2/cfi-rigid-r2-2088-02-2,2088,4176,PI_DIST,1,42,696,696,4,3.00,2603,6960,4176,16704,0,8,6,575,478.0,2436,2436,,0,2436,0,365,,,10000,1,,0,0,2088,,,CERTIFIED,3543,478.0,,,,PI,false,AUTO,2088,GLOBAL,16704,,CRYPTOMINISAT_XOR,343
cfi-rigid-r2,graphs/cfi-rigid-r2/cfi-rigid-r2-2088-03-1,2088,4176,PI_DIST,1,42,696,696,4,3.00,1931,6960,4176,16704,0,8,6,431,478.4,2436,2436,,0,2436,0,256,,,10000,1,,0,0,2088,,,CERTIFIED,2618,478.4,,,,PI,false,AUTO,2088,GLOBAL,16704,,CRYPTOMINISAT_XOR,343
cfi-rigid-r2,graphs/cfi-rigid-r2/cfi-rigid-r2-2088-03-2,2088,4176,PI_DIST,1,42,696,696,4,3.00,1785,6960,4176,16704,0,8,6,402,479.0,2436,2436,,0,2436,0,243,,,10000,1,,0,0,2088,,,CERTIFIED,2430,479.0,,,,PI,false,AUTO,2088,GLOBAL,16704,,CRYPTOMINISAT_XOR,343
cfi-rigid-r2,graphs/cfi-rigid-r2/cfi-rigid-r2-2088-04-1,2088,4176,PI_DIST,1,42,696,696,4,3.00,1772,6960,4176,16704,0,8,6,404,479.5,2436,2436,,0,2436,0,250,,,10000,1,,0,0,2088,,,CERTIFIED,2426,479.5,,,,PI,false,AUTO,2088,GLOBAL,16704,,CRYPTOMINISAT_XOR,347
cfi-rigid-r2,graphs/cfi-rigid-r2/cfi-rigid-r2-2088-04-2,2088,4176,PI_DIST,1,42,696,696,4,3.00,1840,6960,4176,16704,0,8,6,415,480.0,2436,2436,,0,2436,0,246,,,10000,1,,0,0,2088,,,CERTIFIED,2501,480.0,,,,PI,false,AUTO,2088,GLOBAL,16704,,CRYPTOMINISAT_XOR,347
cfi-rigid-r2,graphs/cfi-rigid-r2/cfi-rigid-r2-2160-01-1,2160,4320,PI_DIST,1,42,720,720,4,3.00,1940,7200,4320,17280,0,8,6,420,480.5,2520,2520,,0,2520,0,260,,,10000,1,,0,0,2160,,,CERTIFIED,2620,480.5,,,,PI,false,AUTO,2160,GLOBAL,17280,,CRYPTOMINISAT_XOR,356
cfi-rigid-r2,graphs/cfi-rigid-r2/cfi-rigid-r2-2160-01-2,2160,4320,PI_DIST,1,42,720,720,4,3.00,1845,7200,4320,17280,0,8,6,442,481.7,2520,2520,,0,2520,0,256,,,10000,1,,0,0,2160,,,CERTIFIED,2543,481.7,,,,PI,false,AUTO,2160,GLOBAL,17280,,CRYPTOMINISAT_XOR,356
cfi-rigid-r2,graphs/cfi-rigid-r2/cfi-rigid-r2-2160-02-1,2160,4320,PI_DIST,1,42,720,720,4,3.00,1910,7200,4320,17280,0,8,6,426,482.8,2520,2520,,0,2520,0,248,,,10000,1,,0,0,2160,,,CERTIFIED,2584,482.8,,,,PI,false,AUTO,2160,GLOBAL,17280,,CRYPTOMINISAT_XOR,355
cfi-rigid-r2,graphs/cfi-rigid-r2/cfi-rigid-r2-2160-02-2,2160,4320,PI_DIST,1,42,720,720,4,3.00,1952,7200,4320,17280,0,8,6,430,484.0,2520,2520,,0,2520,0,249,,,10000,1,,0,0,2160,,,CERTIFIED,2631,484.0,,,,PI,false,AUTO,2160,GLOBAL,17280,,CRYPTOMINISAT_XOR,355
cfi-rigid-r2,graphs/cfi-rigid-r2/cfi-rigid-r2-2160-03-1,2160,4320,PI_DIST,1,42,720,720,4,3.00,2248,7200,4320,17280,0,8,6,419,484.9,2520,2520,,0,2520,0,247,,,10000,1,,0,0,2160,,,CERTIFIED,2914,484.9,,,,PI,false,AUTO,2160,GLOBAL,17280,,CRYPTOMINISAT_XOR,354
cfi-rigid-r2,graphs/cfi-rigid-r2/cfi-rigid-r2-2160-03-2,2160,4320,PI_DIST,1,42,720,720,4,3.00,1997,7200,4320,17280,0,8,6,429,484.9,2520,2520,,0,2520,0,352,,,10000,1,,0,0,2160,,,CERTIFIED,2778,484.9,,,,PI,false,AUTO,2160,GLOBAL,17280,,CRYPTOMINISAT_XOR,354
cfi-rigid-r2,graphs/cfi-rigid-r2/cfi-rigid-r2-2160-04-1,2160,4320,PI_DIST,1,42,720,720,4,3.00,2739,7200,4320,17280,0,8,6,615,484.9,2520,2520,,0,2520,0,345,,,10000,1,,0,0,2160,,,CERTIFIED,3699,484.9,,,,PI,false,AUTO,2160,GLOBAL,17280,,CRYPTOMINISAT_XOR,354
cfi-rigid-r2,graphs/cfi-rigid-r2/cfi-rigid-r2-2160-04-2,2160,4320,PI_DIST,1,42,720,720,4,3.00,1964,7200,4320,17280,0,8,6,432,484.9,2520,2520,,0,2520,0,252,,,10000,1,,0,0,2160,,,CERTIFIED,2648,484.9,,,,PI,false,AUTO,2160,GLOBAL,17280,,CRYPTOMINISAT_XOR,354
cfi-rigid-r2,graphs/cfi-rigid-r2/cfi-rigid-r2-2232-01-1,2232,4464,PI_DIST,1,42,744,744,4,3.00,2105,7440,4464,17856,0,8,6,475,489.5,2604,2604,,0,2604,0,279,,,10000,1,,0,0,2232,,,CERTIFIED,2859,489.5,,,,PI,false,AUTO,2232,GLOBAL,17856,,CRYPTOMINISAT_XOR,369
cfi-rigid-r2,graphs/cfi-rigid-r2/cfi-rigid-r2-2232-01-2,2232,4464,PI_DIST,1,42,744,744,4,3.00,2175,7440,4464,17856,0,8,6,475,489.5,2604,2604,,0,2604,0,281,,,10000,1,,0,0,2232,,,CERTIFIED,2931,489.5,,,,PI,false,AUTO,2232,GLOBAL,17856,,CRYPTOMINISAT_XOR,369
cfi-rigid-r2,graphs/cfi-rigid-r2/cfi-rigid-r2-2232-02-1,2232,4464,PI_DIST,1,42,744,744,4,3.00,2230,7440,4464,17856,0,8,6,456,489.5,2604,2604,,0,2604,0,265,,,10000,1,,0,0,2232,,,CERTIFIED,2951,489.5,,,,PI,false,AUTO,2232,GLOBAL,17856,,CRYPTOMINISAT_XOR,367
cfi-rigid-r2,graphs/cfi-rigid-r2/cfi-rigid-r2-2232-02-2,2232,4464,PI_DIST,1,42,744,744,4,3.00,2110,7440,4464,17856,0,8,6,444,489.8,2604,2604,,0,2604,0,259,,,10000,1,,0,0,2232,,,CERTIFIED,2813,489.8,,,,PI,false,AUTO,2232,GLOBAL,17856,,CRYPTOMINISAT_XOR,367
cfi-rigid-r2,graphs/cfi-rigid-r2/cfi-rigid-r2-2232-03-1,2232,4464,PI_DIST,1,42,744,744,4,3.00,2018,7440,4464,17856,0,8,6,443,489.8,2604,2604,,0,2604,0,248,,,10000,1,,0,0,2232,,,CERTIFIED,2709,489.8,,,,PI,false,AUTO,2232,GLOBAL,17856,,CRYPTOMINISAT_XOR,369
cfi-rigid-r2,graphs/cfi-rigid-r2/cfi-rigid-r2-2232-03-2,2232,4464,PI_DIST,1,42,744,744,4,3.00,3030,7440,4464,17856,0,8,6,624,489.8,2604,2604,,0,2604,0,361,,,10000,1,,0,0,2232,,,CERTIFIED,4015,489.8,,,,PI,false,AUTO,2232,GLOBAL,17856,,CRYPTOMINISAT_XOR,369
cfi-rigid-r2,graphs/cfi-rigid-r2/cfi-rigid-r2-2232-04-1,2232,4464,PI_DIST,1,42,744,744,4,3.00,2350,7440,4464,17856,0,8,6,443,489.8,2604,2604,,0,2604,0,250,,,10000,1,,0,0,2232,,,CERTIFIED,3043,489.8,,,,PI,false,AUTO,2232,GLOBAL,17856,,CRYPTOMINISAT_XOR,371
cfi-rigid-r2,graphs/cfi-rigid-r2/cfi-rigid-r2-2232-04-2,2232,4464,PI_DIST,1,42,744,744,4,3.00,2061,7440,4464,17856,0,8,6,439,489.8,2604,2604,,0,2604,0,263,,,10000,1,,0,0,2232,,,CERTIFIED,2763,489.8,,,,PI,false,AUTO,2232,GLOBAL,17856,,CRYPTOMINISAT_XOR,371
cfi-rigid-r2,graphs/cfi-rigid-r2/cfi-rigid-r2-2304-01-1,2304,4608,PI_DIST,1,42,768,768,4,3.00,2282,7680,4608,18432,0,8,6,481,492.7,2688,2688,,0,2688,0,354,,,10000,1,,0,0,2304,,,CERTIFIED,3117,492.7,,,,PI,false,AUTO,2304,GLOBAL,18432,,CRYPTOMINISAT_XOR,379
cfi-rigid-r2,graphs/cfi-rigid-r2/cfi-rigid-r2-2304-01-2,2304,4608,PI_DIST,1,42,768,768,4,3.00,3344,7680,4608,18432,0,8,6,634,494.6,2688,2688,,0,2688,0,263,,,10000,1,,0,0,2304,,,CERTIFIED,4241,494.6,,,,PI,false,AUTO,2304,GLOBAL,18432,,CRYPTOMINISAT_XOR,379
cfi-rigid-r2,graphs/cfi-rigid-r2/cfi-rigid-r2-2304-02-1,2304,4608,PI_DIST,1,42,768,768,4,3.00,2270,7680,4608,18432,0,8,6,507,494.6,2688,2688,,0,2688,0,270,,,10000,1,,0,0,2304,,,CERTIFIED,3047,494.6,,,,PI,false,AUTO,2304,GLOBAL,18432,,CRYPTOMINISAT_XOR,375
cfi-rigid-r2,graphs/cfi-rigid-r2/cfi-rigid-r2-2304-02-2,2304,4608,PI_DIST,1,42,768,768,4,3.00,2204,7680,4608,18432,0,8,6,475,494.6,2688,2688,,0,2688,0,280,,,10000,1,,0,0,2304,,,CERTIFIED,2959,494.6,,,,PI,false,AUTO,2304,GLOBAL,18432,,CRYPTOMINISAT_XOR,375
cfi-rigid-r2,graphs/cfi-rigid-r2/cfi-rigid-r2-2304-03-1,2304,4608,PI_DIST,1,42,768,768,4,3.00,2247,7680,4608,18432,0,8,6,479,495.7,2688,2688,,0,2688,0,299,,,10000,1,,0,0,2304,,,CERTIFIED,3025,495.7,,,,PI,false,AUTO,2304,GLOBAL,18432,,CRYPTOMINISAT_XOR,380
cfi-rigid-r2,graphs/cfi-rigid-r2/cfi-rigid-r2-2304-03-2,2304,4608,PI_DIST,1,42,768,768,4,3.00,2218,7680,4608,18432,0,8,6,510,495.7,2688,2688,,0,2688,0,293,,,10000,1,,0,0,2304,,,CERTIFIED,3021,495.7,,,,PI,false,AUTO,2304,GLOBAL,18432,,CRYPTOMINISAT_XOR,380
cfi-rigid-r2,graphs/cfi-rigid-r2/cfi-rigid-r2-2304-04-1,2304,4608,PI_DIST,1,42,768,768,4,3.00,2620,7680,4608,18432,0,8,6,544,495.7,2688,2688,,0,2688,0,325,,,10000,1,,0,0,2304,,,CERTIFIED,3489,495.7,,,,PI,false,AUTO,2304,GLOBAL,18432,,CRYPTOMINISAT_XOR,381
cfi-rigid-r2,graphs/cfi-rigid-r2/cfi-rigid-r2-2304-04-2,2304,4608,PI_DIST,1,42,768,768,4,3.00,2388,7680,4608,18432,0,8,6,479,495.7,2688,2688,,0,2688,0,271,,,10000,1,,0,0,2304,,,CERTIFIED,3138,495.7,,,,PI,false,AUTO,2304,GLOBAL,18432,,CRYPTOMINISAT_XOR,381
cfi-rigid-r2,graphs/cfi-rigid-r2/cfi-rigid-r2-2376-01-1,2376,4752,PI_DIST,1,42,792,792,4,3.00,2326,7920,4752,19008,0,8,6,494,498.8,2772,2772,,0,2772,0,288,,,10000,1,,0,0,2376,,,CERTIFIED,3108,498.8,,,,PI,false,AUTO,2376,GLOBAL,19008,,CRYPTOMINISAT_XOR,392
cfi-rigid-r2,graphs/cfi-rigid-r2/cfi-rigid-r2-2376-01-2,2376,4752,PI_DIST,1,42,792,792,4,3.00,2502,7920,4752,19008,0,8,6,522,501.6,2772,2772,,0,2772,0,386,,,10000,1,,0,0,2376,,,CERTIFIED,3410,501.6,,,,PI,false,AUTO,2376,GLOBAL,19008,,CRYPTOMINISAT_XOR,392
cfi-rigid-r2,graphs/cfi-rigid-r2/cfi-rigid-r2-2376-02-1,2376,4752,PI_DIST,1,42,792,792,4,3.00,3548,7920,4752,19008,0,8,6,691,501.6,2772,2772,,0,2772,0,388,,,10000,1,,0,0,2376,,,CERTIFIED,4627,501.6,,,,PI,false,AUTO,2376,GLOBAL,19008,,CRYPTOMINISAT_XOR,390
cfi-rigid-r2,graphs/cfi-rigid-r2/cfi-rigid-r2-2376-02-2,2376,4752,PI_DIST,1,42,792,792,4,3.00,3640,7920,4752,19008,0,8,6,701,501.6,2772,2772,,0,2772,0,384,,,10000,1,,0,0,2376,,,CERTIFIED,4725,501.6,,,,PI,false,AUTO,2376,GLOBAL,19008,,CRYPTOMINISAT_XOR,390
cfi-rigid-r2,graphs/cfi-rigid-r2/cfi-rigid-r2-2376-03-1,2376,4752,PI_DIST,1,42,792,792,4,3.00,3206,7920,4752,19008,0,8,6,486,501.6,2772,2772,,0,2772,0,269,,,10000,1,,0,0,2376,,,CERTIFIED,3961,501.6,,,,PI,false,AUTO,2376,GLOBAL,19008,,CRYPTOMINISAT_XOR,392
cfi-rigid-r2,graphs/cfi-rigid-r2/cfi-rigid-r2-2376-03-2,2376,4752,PI_DIST,1,42,792,792,4,3.00,2307,7920,4752,19008,0,8,6,492,501.6,2772,2772,,0,2772,0,290,,,10000,1,,0,0,2376,,,CERTIFIED,3089,501.6,,,,PI,false,AUTO,2376,GLOBAL,19008,,CRYPTOMINISAT_XOR,392
cfi-rigid-r2,graphs/cfi-rigid-r2/cfi-rigid-r2-2376-04-1,2376,4752,PI_DIST,1,42,792,792,4,3.00,3511,7920,4752,19008,0,8,6,702,502.8,2772,2772,,0,2772,0,398,,,10000,1,,0,0,2376,,,CERTIFIED,4611,502.8,,,,PI,false,AUTO,2376,GLOBAL,19008,,CRYPTOMINISAT_XOR,394
cfi-rigid-r2,graphs/cfi-rigid-r2/cfi-rigid-r2-2376-04-2,2376,4752,PI_DIST,1,42,792,792,4,3.00,3458,7920,4752,19008,0,8,6,603,502.8,2772,2772,,0,2772,0,272,,,10000,1,,0,0,2376,,,CERTIFIED,4333,502.8,,,,PI,false,AUTO,2376,GLOBAL,19008,,CRYPTOMINISAT_XOR,394
cfi-rigid-r2,graphs/cfi-rigid-r2/cfi-rigid-r2-2448-01-1,2448,4896,PI_DIST,1,42,816,816,4,3.00,2682,8160,4896,19584,0,8,6,520,506.4,2856,2856,,0,2856,0,303,,,10000,1,,0,0,2448,,,CERTIFIED,3505,506.4,,,,PI,false,AUTO,2448,GLOBAL,19584,,CRYPTOMINISAT_XOR,401
cfi-rigid-r2,graphs/cfi-rigid-r2/cfi-rigid-r2-2448-01-2,2448,4896,PI_DIST,1,42,816,816,4,3.00,2599,8160,4896,19584,0,8,6,535,506.4,2856,2856,,0,2856,0,305,,,10000,1,,0,0,2448,,,CERTIFIED,3439,506.4,,,,PI,false,AUTO,2448,GLOBAL,19584,,CRYPTOMINISAT_XOR,401
cfi-rigid-r2,graphs/cfi-rigid-r2/cfi-rigid-r2-2448-02-1,2448,4896,PI_DIST,1,42,816,816,4,3.00,2513,8160,4896,19584,0,8,6,516,506.6,2856,2856,,0,2856,0,281,,,10000,1,,0,0,2448,,,CERTIFIED,3310,506.6,,,,PI,false,AUTO,2448,GLOBAL,19584,,CRYPTOMINISAT_XOR,402
cfi-rigid-r2,graphs/cfi-rigid-r2/cfi-rigid-r2-2448-02-2,2448,4896,PI_DIST,1,42,816,816,4,3.00,2549,8160,4896,19584,0,8,6,570,506.6,2856,2856,,0,2856,0,322,,,10000,1,,0,0,2448,,,CERTIFIED,3441,506.6,,,,PI,false,AUTO,2448,GLOBAL,19584,,CRYPTOMINISAT_XOR,402
cfi-rigid-r2,graphs/cfi-rigid-r2/cfi-rigid-r2-2448-03-1,2448,4896,PI_DIST,1,42,816,816,4,3.00,2493,8160,4896,19584,0,8,6,523,506.6,2856,2856,,0,2856,0,299,,,10000,1,,0,0,2448,,,CERTIFIED,3315,506.6,,,,PI,false,AUTO,2448,GLOBAL,19584,,CRYPTOMINISAT_XOR,402
cfi-rigid-r2,graphs/cfi-rigid-r2/cfi-rigid-r2-2448-03-2,2448,4896,PI_DIST,1,42,816,816,4,3.00,2628,8160,4896,19584,0,8,6,538,508.3,2856,2856,,0,2856,0,308,,,10000,1,,0,0,2448,,,CERTIFIED,3474,508.3,,,,PI,false,AUTO,2448,GLOBAL,19584,,CRYPTOMINISAT_XOR,402
cfi-rigid-r2,graphs/cfi-rigid-r2/cfi-rigid-r2-2448-04-1,2448,4896,PI_DIST,1,42,816,816,4,3.00,2588,8160,4896,19584,0,8,6,531,508.3,2856,2856,,0,2856,0,296,,,10000,1,,0,0,2448,,,CERTIFIED,3415,508.3,,,,PI,false,AUTO,2448,GLOBAL,19584,,CRYPTOMINISAT_XOR,404
cfi-rigid-r2,graphs/cfi-rigid-r2/cfi-rigid-r2-2448-04-2,2448,4896,PI_DIST,1,42,816,816,4,3.00,2606,8160,4896,19584,0,8,6,541,508.3,2856,2856,,0,2856,0,289,,,10000,1,,0,0,2448,,,CERTIFIED,3436,508.3,,,,PI,false,AUTO,2448,GLOBAL,19584,,CRYPTOMINISAT_XOR,404
cfi-rigid-r2,graphs/cfi-rigid-r2/cfi-rigid-r2-2520-01-1,2520,5040,PI_DIST,1,42,840,840,4,3.00,2740,8400,5040,20160,0,8,6,549,509.6,2940,2940,,0,2940,0,311,,,10000,1,,0,0,2520,,,CERTIFIED,3600,509.6,,,,PI,false,AUTO,2520,GLOBAL,20160,,CRYPTOMINISAT_XOR,418
cfi-rigid-r2,graphs/cfi-rigid-r2/cfi-rigid-r2-2520-01-2,2520,5040,PI_DIST,1,42,840,840,4,3.00,2730,8400,5040,20160,0,8,6,548,512.0,2940,2940,,0,2940,0,308,,,10000,1,,0,0,2520,,,CERTIFIED,3586,512.0,,,,PI,false,AUTO,2520,GLOBAL,20160,,CRYPTOMINISAT_XOR,418
cfi-rigid-r2,graphs/cfi-rigid-r2/cfi-rigid-r2-2520-02-1,2520,5040,PI_DIST,1,42,840,840,4,3.00,2686,8400,5040,20160,0,8,6,546,513.6,2940,2940,,0,2940,0,316,,,10000,1,,0,0,2520,,,CERTIFIED,3548,513.6,,,,PI,false,AUTO,2520,GLOBAL,20160,,CRYPTOMINISAT_XOR,415
cfi-rigid-r2,graphs/cfi-rigid-r2/cfi-rigid-r2-2520-02-2,2520,5040,PI_DIST,1,42,840,840,4,3.00,2721,8400,5040,20160,0,8,6,545,513.6,2940,2940,,0,2940,0,314,,,10000,1,,0,0,2520,,,CERTIFIED,3580,513.6,,,,PI,false,AUTO,2520,GLOBAL,20160,,CRYPTOMINISAT_XOR,415
cfi-rigid-r2,graphs/cfi-rigid-r2/cfi-rigid-r2-2520-03-1,2520,5040,PI_DIST,1,42,840,840,4,3.00,2701,8400,5040,20160,0,8,6,552,513.6,2940,2940,,0,2940,0,302,,,10000,1,,0,0,2520,,,CERTIFIED,3555,513.6,,,,PI,false,AUTO,2520,GLOBAL,20160,,CRYPTOMINISAT_XOR,417
cfi-rigid-r2,graphs/cfi-rigid-r2/cfi-rigid-r2-2520-03-2,2520,5040,PI_DIST,1,42,840,840,4,3.00,2705,8400,5040,20160,0,8,6,540,513.6,2940,2940,,0,2940,0,301,,,10000,1,,0,0,2520,,,CERTIFIED,3546,513.6,,,,PI,false,AUTO,2520,GLOBAL,20160,,CRYPTOMINISAT_XOR,417
cfi-rigid-r2,graphs/cfi-rigid-r2/cfi-rigid-r2-2520-04-1,2520,5040,PI_DIST,1,42,840,840,4,3.00,2716,8400,5040,20160,0,8,6,540,513.6,2940,2940,,0,2940,0,297,,,10000,1,,0,0,2520,,,CERTIFIED,3553,513.6,,,,PI,false,AUTO,2520,GLOBAL,20160,,CRYPTOMINISAT_XOR,413
cfi-rigid-r2,graphs/cfi-rigid-r2/cfi-rigid-r2-2520-04-2,2520,5040,PI_DIST,1,42,840,840,4,3.00,3828,8400,5040,20160,0,8,6,784,514.9,2940,2940,,0,2940,0,429,,,10000,1,,0,0,2520,,,CERTIFIED,5041,514.9,,,,PI,false,AUTO,2520,GLOBAL,20160,,CRYPTOMINISAT_XOR,413
cfi-rigid-r2,graphs/cfi-rigid-r2/cfi-rigid-r2-2592-01-1,2592,5184,PI_DIST,1,42,864,864,4,3.00,3781,8640,5184,20736,0,8,6,565,516.6,3024,3024,,0,3024,0,321,,,10000,1,,0,0,2592,,,CERTIFIED,4667,516.6,,,,PI,false,AUTO,2592,GLOBAL,20736,,CRYPTOMINISAT_XOR,432
cfi-rigid-r2,graphs/cfi-rigid-r2/cfi-rigid-r2-2592-01-2,2592,5184,PI_DIST,1,42,864,864,4,3.00,2882,8640,5184,20736,0,8,6,583,518.6,3024,3024,,0,3024,0,314,,,10000,1,,0,0,2592,,,CERTIFIED,3779,518.6,,,,PI,false,AUTO,2592,GLOBAL,20736,,CRYPTOMINISAT_XOR,432
cfi-rigid-r2,graphs/cfi-rigid-r2/cfi-rigid-r2-2592-02-1,2592,5184,PI_DIST,1,42,864,864,4,3.00,2957,8640,5184,20736,0,8,6,573,518.6,3024,3024,,0,3024,0,312,,,10000,1,,0,0,2592,,,CERTIFIED,3842,518.6,,,,PI,false,AUTO,2592,GLOBAL,20736,,CRYPTOMINISAT_XOR,427
cfi-rigid-r2,graphs/cfi-rigid-r2/cfi-rigid-r2-2592-02-2,2592,5184,PI_DIST,1,42,864,864,4,3.00,2986,8640,5184,20736,0,8,6,611,518.6,3024,3024,,0,3024,0,328,,,10000,1,,0,0,2592,,,CERTIFIED,3925,518.6,,,,PI,false,AUTO,2592,GLOBAL,20736,,CRYPTOMINISAT_XOR,427
cfi-rigid-r2,graphs/cfi-rigid-r2/cfi-rigid-r2-2592-03-1,2592,5184,PI_DIST,1,42,864,864,4,3.00,3048,8640,5184,20736,0,8,6,575,519.1,3024,3024,,0,3024,0,326,,,10000,1,,0,0,2592,,,CERTIFIED,3949,519.1,,,,PI,false,AUTO,2592,GLOBAL,20736,,CRYPTOMINISAT_XOR,426
cfi-rigid-r2,graphs/cfi-rigid-r2/cfi-rigid-r2-2592-03-2,2592,5184,PI_DIST,1,42,864,864,4,3.00,3037,8640,5184,20736,0,8,6,643,519.1,3024,3024,,0,3024,0,337,,,10000,1,,0,0,2592,,,CERTIFIED,4017,519.1,,,,PI,false,AUTO,2592,GLOBAL,20736,,CRYPTOMINISAT_XOR,426
cfi-rigid-r2,graphs/cfi-rigid-r2/cfi-rigid-r2-2592-04-1,2592,5184,PI_DIST,1,42,864,864,4,3.00,2960,8640,5184,20736,0,8,6,581,519.1,3024,3024,,0,3024,0,334,,,10000,1,,0,0,2592,,,CERTIFIED,3875,519.1,,,,PI,false,AUTO,2592,GLOBAL,20736,,CRYPTOMINISAT_XOR,425
cfi-rigid-r2,graphs/cfi-rigid-r2/cfi-rigid-r2-2592-04-2,2592,5184,PI_DIST,1,42,864,864,4,3.00,2910,8640,5184,20736,0,8,6,564,521.1,3024,3024,,0,3024,0,319,,,10000,1,,0,0,2592,,,CERTIFIED,3793,521.1,,,,PI,false,AUTO,2592,GLOBAL,20736,,CRYPTOMINISAT_XOR,425
cfi-rigid-r2,graphs/cfi-rigid-r2/cfi-rigid-r2-2664-01-1,2664,5328,PI_DIST,1,42,888,888,4,3.00,3098,8880,5328,21312,0,8,6,599,522.7,3108,3108,,0,3108,0,330,,,10000,1,,0,0,2664,,,CERTIFIED,4027,522.7,,,,PI,false,AUTO,2664,GLOBAL,21312,,CRYPTOMINISAT_XOR,439
cfi-rigid-r2,graphs/cfi-rigid-r2/cfi-rigid-r2-2664-01-2,2664,5328,PI_DIST,1,42,888,888,4,3.00,3014,8880,5328,21312,0,8,6,582,524.8,3108,3108,,0,3108,0,326,,,10000,1,,0,0,2664,,,CERTIFIED,3922,524.8,,,,PI,false,AUTO,2664,GLOBAL,21312,,CRYPTOMINISAT_XOR,439
cfi-rigid-r2,graphs/cfi-rigid-r2/cfi-rigid-r2-2664-02-1,2664,5328,PI_DIST,1,42,888,888,4,3.00,3109,8880,5328,21312,0,8,6,587,526.3,3108,3108,,0,3108,0,327,,,10000,1,,0,0,2664,,,CERTIFIED,4023,526.3,,,,PI,false,AUTO,2664,GLOBAL,21312,,CRYPTOMINISAT_XOR,439
cfi-rigid-r2,graphs/cfi-rigid-r2/cfi-rigid-r2-2664-02-2,2664,5328,PI_DIST,1,42,888,888,4,3.00,3247,8880,5328,21312,0,8,6,604,527.8,3108,3108,,0,3108,0,319,,,10000,1,,0,0,2664,,,CERTIFIED,4170,527.8,,,,PI,false,AUTO,2664,GLOBAL,21312,,CRYPTOMINISAT_XOR,439
cfi-rigid-r2,graphs/cfi-rigid-r2/cfi-rigid-r2-2664-03-1,2664,5328,PI_DIST,1,42,888,888,4,3.00,3105,8880,5328,21312,0,8,6,588,527.8,3108,3108,,0,3108,0,318,,,10000,1,,0,0,2664,,,CERTIFIED,4011,527.8,,,,PI,false,AUTO,2664,GLOBAL,21312,,CRYPTOMINISAT_XOR,438
cfi-rigid-r2,graphs/cfi-rigid-r2/cfi-rigid-r2-2664-03-2,2664,5328,PI_DIST,1,42,888,888,4,3.00,3359,8880,5328,21312,0,8,6,585,527.8,3108,3108,,0,3108,0,317,,,10000,1,,0,0,2664,,,CERTIFIED,4261,527.8,,,,PI,false,AUTO,2664,GLOBAL,21312,,CRYPTOMINISAT_XOR,438
cfi-rigid-r2,graphs/cfi-rigid-r2/cfi-rigid-r2-2664-04-1,2664,5328,PI_DIST,1,42,888,888,4,3.00,3109,8880,5328,21312,0,8,6,589,527.9,3108,3108,,0,3108,0,322,,,10000,1,,0,0,2664,,,CERTIFIED,4020,527.9,,,,PI,false,AUTO,2664,GLOBAL,21312,,CRYPTOMINISAT_XOR,440
cfi-rigid-r2,graphs/cfi-rigid-r2/cfi-rigid-r2-2664-04-2,2664,5328,PI_DIST,1,42,888,888,4,3.00,3054,8880,5328,21312,0,8,6,589,529.8,3108,3108,,0,3108,0,316,,,10000,1,,0,0,2664,,,CERTIFIED,3959,529.8,,,,PI,false,AUTO,2664,GLOBAL,21312,,CRYPTOMINISAT_XOR,440
cfi-rigid-r2,graphs/cfi-rigid-r2/cfi-rigid-r2-2736-01-1,2736,5472,PI_DIST,1,42,912,912,4,3.00,3333,9120,5472,21888,0,8,6,623,531.1,3192,3192,,0,3192,0,343,,,10000,1,,0,0,2736,,,CERTIFIED,4299,531.1,,,,PI,false,AUTO,2736,GLOBAL,21888,,CRYPTOMINISAT_XOR,450
cfi-rigid-r2,graphs/cfi-rigid-r2/cfi-rigid-r2-2736-01-2,2736,5472,PI_DIST,1,42,912,912,4,3.00,3180,9120,5472,21888,0,8,6,647,532.3,3192,3192,,0,3192,0,352,,,10000,1,,0,0,2736,,,CERTIFIED,4179,532.3,,,,PI,false,AUTO,2736,GLOBAL,21888,,CRYPTOMINISAT_XOR,450
cfi-rigid-r2,graphs/cfi-rigid-r2/cfi-rigid-r2-2736-02-1,2736,5472,PI_DIST,1,42,912,912,4,3.00,3274,9120,5472,21888,0,8,6,862,533.3,3192,3192,,0,3192,0,406,,,10000,1,,0,0,2736,,,CERTIFIED,4542,533.3,,,,PI,false,AUTO,2736,GLOBAL,21888,,CRYPTOMINISAT_XOR,452
cfi-rigid-r2,graphs/cfi-rigid-r2/cfi-rigid-r2-2736-02-2,2736,5472,PI_DIST,1,42,912,912,4,3.00,3663,9120,5472,21888,0,8,6,671,534.5,3192,3192,,0,3192,0,373,,,10000,1,,0,0,2736,,,CERTIFIED,4707,534.5,,,,PI,false,AUTO,2736,GLOBAL,21888,,CRYPTOMINISAT_XOR,452
cfi-rigid-r2,graphs/cfi-rigid-r2/cfi-rigid-r2-2736-03-1,2736,5472,PI_DIST,1,42,912,912,4,3.00,3285,9120,5472,21888,0,8,6,612,535.3,3192,3192,,0,3192,0,333,,,10000,1,,0,0,2736,,,CERTIFIED,4230,535.3,,,,PI,false,AUTO,2736,GLOBAL,21888,,CRYPTOMINISAT_XOR,451
cfi-rigid-r2,graphs/cfi-rigid-r2/cfi-rigid-r2-2736-03-2,2736,5472,PI_DIST,1,42,912,912,4,3.00,3184,9120,5472,21888,0,8,6,605,536.9,3192,3192,,0,3192,0,338,,,10000,1,,0,0,2736,,,CERTIFIED,4127,536.9,,,,PI,false,AUTO,2736,GLOBAL,21888,,CRYPTOMINISAT_XOR,451
cfi-rigid-r2,graphs/cfi-rigid-r2/cfi-rigid-r2-2736-04-1,2736,5472,PI_DIST,1,42,912,912,4,3.00,3237,9120,5472,21888,0,8,6,613,537.9,3192,3192,,0,3192,0,366,,,10000,1,,0,0,2736,,,CERTIFIED,4216,537.9,,,,PI,false,AUTO,2736,GLOBAL,21888,,CRYPTOMINISAT_XOR,450
cfi-rigid-r2,graphs/cfi-rigid-r2/cfi-rigid-r2-2736-04-2,2736,5472,PI_DIST,1,42,912,912,4,3.00,3300,9120,5472,21888,0,8,6,605,537.9,3192,3192,,0,3192,0,329,,,10000,1,,0,0,2736,,,CERTIFIED,4234,537.9,,,,PI,false,AUTO,2736,GLOBAL,21888,,CRYPTOMINISAT_XOR,450
cfi-rigid-r2,graphs/cfi-rigid-r2/cfi-rigid-r2-2808-01-1,2808,5616,PI_DIST,1,42,936,936,4,3.00,3430,9360,5616,22464,0,8,6,633,540.4,3276,3276,,0,3276,0,346,,,10000,1,,0,0,2808,,,CERTIFIED,4409,540.4,,,,PI,false,AUTO,2808,GLOBAL,22464,,CRYPTOMINISAT_XOR,463
cfi-rigid-r2,graphs/cfi-rigid-r2/cfi-rigid-r2-2808-01-2,2808,5616,PI_DIST,1,42,936,936,4,3.00,3487,9360,5616,22464,0,8,6,631,540.9,3276,3276,,0,3276,0,360,,,10000,1,,0,0,2808,,,CERTIFIED,4478,540.9,,,,PI,false,AUTO,2808,GLOBAL,22464,,CRYPTOMINISAT_XOR,463
cfi-rigid-r2,graphs/cfi-rigid-r2/cfi-rigid-r2-2808-02-1,2808,5616,PI_DIST,1,42,936,936,4,3.00,3551,9360,5616,22464,0,8,6,640,541.5,3276,3276,,0,3276,0,376,,,10000,1,,0,0,2808,,,CERTIFIED,4567,541.5,,,,PI,false,AUTO,2808,GLOBAL,22464,,CRYPTOMINISAT_XOR,463
cfi-rigid-r2,graphs/cfi-rigid-r2/cfi-rigid-r2-2808-02-2,2808,5616,PI_DIST,1,42,936,936,4,3.00,3790,9360,5616,22464,0,8,6,630,542.9,3276,3276,,0,3276,0,346,,,10000,1,,0,0,2808,,,CERTIFIED,4766,542.9,,,,PI,false,AUTO,2808,GLOBAL,22464,,CRYPTOMINISAT_XOR,463
cfi-rigid-r2,graphs/cfi-rigid-r2/cfi-rigid-r2-2808-03-1,2808,5616,PI_DIST,1,42,936,936,4,3.00,3354,9360,5616,22464,0,8,6,628,543.0,3276,3276,,0,3276,0,364,,,10000,1,,0,0,2808,,,CERTIFIED,4346,543.0,,,,PI,false,AUTO,2808,GLOBAL,22464,,CRYPTOMINISAT_XOR,464
cfi-rigid-r2,graphs/cfi-rigid-r2/cfi-rigid-r2-2808-03-2,2808,5616,PI_DIST,1,42,936,936,4,3.00,3572,9360,5616,22464,0,8,6,629,543.9,3276,3276,,0,3276,0,352,,,10000,1,,0,0,2808,,,CERTIFIED,4553,543.9,,,,PI,false,AUTO,2808,GLOBAL,22464,,CRYPTOMINISAT_XOR,464
cfi-rigid-r2,graphs/cfi-rigid-r2/cfi-rigid-r2-2808-04-1,2808,5616,PI_DIST,1,42,936,936,4,3.00,4713,9360,5616,22464,0,8,6,648,544.2,3276,3276,,0,3276,0,369,,,10000,1,,0,0,2808,,,CERTIFIED,5730,544.2,,,,PI,false,AUTO,2808,GLOBAL,22464,,CRYPTOMINISAT_XOR,464
cfi-rigid-r2,graphs/cfi-rigid-r2/cfi-rigid-r2-2808-04-2,2808,5616,PI_DIST,1,42,936,936,4,3.00,3465,9360,5616,22464,0,8,6,633,544.9,3276,3276,,0,3276,0,357,,,10000,1,,0,0,2808,,,CERTIFIED,4455,544.9,,,,PI,false,AUTO,2808,GLOBAL,22464,,CRYPTOMINISAT_XOR,464
cfi-rigid-r2,graphs/cfi-rigid-r2/cfi-rigid-r2-2880-01-1,2880,5760,PI_DIST,1,42,960,960,4,3.00,3843,9600,5760,23040,0,8,6,669,549.2,3360,3360,,0,3360,0,368,,,10000,1,,0,0,2880,,,CERTIFIED,4880,549.2,,,,PI,false,AUTO,2880,GLOBAL,23040,,CRYPTOMINISAT_XOR,475
cfi-rigid-r2,graphs/cfi-rigid-r2/cfi-rigid-r2-2880-01-2,2880,5760,PI_DIST,1,42,960,960,4,3.00,3770,9600,5760,23040,0,8,6,659,553.8,3360,3360,,0,3360,0,362,,,10000,1,,0,0,2880,,,CERTIFIED,4791,553.8,,,,PI,false,AUTO,2880,GLOBAL,23040,,CRYPTOMINISAT_XOR,475
cfi-rigid-r2,graphs/cfi-rigid-r2/cfi-rigid-r2-2880-02-1,2880,5760,PI_DIST,1,42,960,960,4,3.00,3592,9600,5760,23040,0,8,6,678,553.8,3360,3360,,0,3360,0,362,,,10000,1,,0,0,2880,,,CERTIFIED,4632,553.8,,,,PI,false,AUTO,2880,GLOBAL,23040,,CRYPTOMINISAT_XOR,479
cfi-rigid-r2,graphs/cfi-rigid-r2/cfi-rigid-r2-2880-02-2,2880,5760,PI_DIST,1,42,960,960,4,3.00,3597,9600,5760,23040,0,8,6,649,553.8,3360,3360,,0,3360,0,362,,,10000,1,,0,0,2880,,,CERTIFIED,4608,553.8,,,,PI,false,AUTO,2880,GLOBAL,23040,,CRYPTOMINISAT_XOR,479
cfi-rigid-r2,graphs/cfi-rigid-r2/cfi-rigid-r2-2880-03-1,2880,5760,PI_DIST,1,42,960,960,4,3.00,5007,9600,5760,23040,0,8,6,659,553.8,3360,3360,,0,3360,0,349,,,10000,1,,0,0,2880,,,CERTIFIED,6015,553.8,,,,PI,false,AUTO,2880,GLOBAL,23040,,CRYPTOMINISAT_XOR,477
cfi-rigid-r2,graphs/cfi-rigid-r2/cfi-rigid-r2-2880-03-2,2880,5760,PI_DIST,1,42,960,960,4,3.00,3622,9600,5760,23040,0,8,6,685,553.8,3360,3360,,0,3360,0,364,,,10000,1,,0,0,2880,,,CERTIFIED,4671,553.8,,,,PI,false,AUTO,2880,GLOBAL,23040,,CRYPTOMINISAT_XOR,477
cfi-rigid-r2,graphs/cfi-rigid-r2/cfi-rigid-r2-2880-04-1,2880,5760,PI_DIST,1,42,960,960,4,3.00,3606,9600,5760,23040,0,8,6,677,553.8,3360,3360,,0,3360,0,398,,,10000,1,,0,0,2880,,,CERTIFIED,4681,553.8,,,,PI,false,AUTO,2880,GLOBAL,23040,,CRYPTOMINISAT_XOR,474
cfi-rigid-r2,graphs/cfi-rigid-r2/cfi-rigid-r2-2880-04-2,2880,5760,PI_DIST,1,42,960,960,4,3.00,3649,9600,5760,23040,0,8,6,664,553.8,3360,3360,,0,3360,0,381,,,10000,1,,0,0,2880,,,CERTIFIED,4694,553.8,,,,PI,false,AUTO,2880,GLOBAL,23040,,CRYPTOMINISAT_XOR,474
cfi-rigid-r2,graphs/cfi-rigid-r2/cfi-rigid-r2-2952-01-1,2952,5904,PI_DIST,1,42,984,984,4,3.00,3948,9840,5904,23616,0,8,6,684,561.1,3444,3444,,0,3444,0,372,,,10000,1,,0,0,2952,,,CERTIFIED,5004,561.1,,,,PI,false,AUTO,2952,GLOBAL,23616,,CRYPTOMINISAT_XOR,487
cfi-rigid-r2,graphs/cfi-rigid-r2/cfi-rigid-r2-2952-01-2,2952,5904,PI_DIST,1,42,984,984,4,3.00,5061,9840,5904,23616,0,8,6,698,561.1,3444,3444,,0,3444,0,371,,,10000,1,,0,0,2952,,,CERTIFIED,6130,561.1,,,,PI,false,AUTO,2952,GLOBAL,23616,,CRYPTOMINISAT_XOR,487
cfi-rigid-r2,graphs/cfi-rigid-r2/cfi-rigid-r2-2952-02-1,2952,5904,PI_DIST,1,42,984,984,4,3.00,3848,9840,5904,23616,0,8,6,714,561.1,3444,3444,,0,3444,0,375,,,10000,1,,0,0,2952,,,CERTIFIED,4937,561.1,,,,PI,false,AUTO,2952,GLOBAL,23616,,CRYPTOMINISAT_XOR,488
cfi-rigid-r2,graphs/cfi-rigid-r2/cfi-rigid-r2-2952-02-2,2952,5904,PI_DIST,1,42,984,984,4,3.00,3821,9840,5904,23616,0,8,6,679,562.6,3444,3444,,0,3444,0,365,,,10000,1,,0,0,2952,,,CERTIFIED,4865,562.6,,,,PI,false,AUTO,2952,GLOBAL,23616,,CRYPTOMINISAT_XOR,488
cfi-rigid-r2,graphs/cfi-rigid-r2/cfi-rigid-r2-2952-03-1,2952,5904,PI_DIST,1,42,984,984,4,3.00,3812,9840,5904,23616,0,8,6,718,562.6,3444,3444,,0,3444,0,397,,,10000,1,,0,0,2952,,,CERTIFIED,4927,562.6,,,,PI,false,AUTO,2952,GLOBAL,23616,,CRYPTOMINISAT_XOR,483
cfi-rigid-r2,graphs/cfi-rigid-r2/cfi-rigid-r2-2952-03-2,2952,5904,PI_DIST,1,42,984,984,4,3.00,3861,9840,5904,23616,0,8,6,712,562.6,3444,3444,,0,3444,0,373,,,10000,1,,0,0,2952,,,CERTIFIED,4946,562.6,,,,PI,false,AUTO,2952,GLOBAL,23616,,CRYPTOMINISAT_XOR,483
cfi-rigid-r2,graphs/cfi-rigid-r2/cfi-rigid-r2-2952-04-1,2952,5904,PI_DIST,1,42,984,984,4,3.00,3803,9840,5904,23616,0,8,6,716,563.8,3444,3444,,0,3444,0,409,,,10000,1,,0,0,2952,,,CERTIFIED,4928,563.8,,,,PI,false,AUTO,2952,GLOBAL,23616,,CRYPTOMINISAT_XOR,486
cfi-rigid-r2,graphs/cfi-rigid-r2/cfi-rigid-r2-2952-04-2,2952,5904,PI_DIST,1,42,984,984,4,3.00,3698,9840,5904,23616,0,8,6,686,563.8,3444,3444,,0,3444,0,383,,,10000,1,,0,0,2952,,,CERTIFIED,4767,563.8,,,,PI,false,AUTO,2952,GLOBAL,23616,,CRYPTOMINISAT_XOR,486
cfi-rigid-r2,graphs/cfi-rigid-r2/cfi-rigid-r2-3024-01-1,3024,6048,PI_DIST,1,42,1008,1008,4,3.00,4286,10080,6048,24192,0,8,6,721,571.0,3528,3528,,0,3528,0,390,,,10000,1,,0,0,3024,,,CERTIFIED,5397,571.0,,,,PI,false,AUTO,3024,GLOBAL,24192,,CRYPTOMINISAT_XOR,500
cfi-rigid-r2,graphs/cfi-rigid-r2/cfi-rigid-r2-3024-01-2,3024,6048,PI_DIST,1,42,1008,1008,4,3.00,4124,10080,6048,24192,0,8,6,793,571.0,3528,3528,,0,3528,0,423,,,10000,1,,0,0,3024,,,CERTIFIED,5340,571.0,,,,PI,false,AUTO,3024,GLOBAL,24192,,CRYPTOMINISAT_XOR,500
cfi-rigid-r2,graphs/cfi-rigid-r2/cfi-rigid-r2-3024-02-1,3024,6048,PI_DIST,1,42,1008,1008,4,3.00,3981,10080,6048,24192,0,8,6,694,571.0,3528,3528,,0,3528,0,374,,,10000,1,,0,0,3024,,,CERTIFIED,5049,571.0,,,,PI,false,AUTO,3024,GLOBAL,24192,,CRYPTOMINISAT_XOR,501
cfi-rigid-r2,graphs/cfi-rigid-r2/cfi-rigid-r2-3024-02-2,3024,6048,PI_DIST,1,42,1008,1008,4,3.00,3999,10080,6048,24192,0,8,6,695,640.3,3528,3528,,0,3528,0,377,,,10000,1,,0,0,3024,,,CERTIFIED,5071,640.3,,,,PI,false,AUTO,3024,GLOBAL,24192,,CRYPTOMINISAT_XOR,501
cfi-rigid-r2,graphs/cfi-rigid-r2/cfi-rigid-r2-3024-03-1,3024,6048,PI_DIST,1,42,1008,1008,4,3.00,4174,10080,6048,24192,0,8,6,691,641.7,3528,3528,,0,3528,0,385,,,10000,1,,0,0,3024,,,CERTIFIED,5250,641.7,,,,PI,false,AUTO,3024,GLOBAL,24192,,CRYPTOMINISAT_XOR,497
cfi-rigid-r2,graphs/cfi-rigid-r2/cfi-rigid-r2-3024-03-2,3024,6048,PI_DIST,1,42,1008,1008,4,3.00,4128,10080,6048,24192,0,8,6,686,644.9,3528,3528,,0,3528,0,378,,,10000,1,,0,0,3024,,,CERTIFIED,5192,644.9,,,,PI,false,AUTO,3024,GLOBAL,24192,,CRYPTOMINISAT_XOR,497
cfi-rigid-r2,graphs/cfi-rigid-r2/cfi-rigid-r2-3024-04-1,3024,6048,PI_DIST,1,42,1008,1008,4,3.00,4081,10080,6048,24192,0,8,6,690,644.9,3528,3528,,0,3528,0,373,,,10000,1,,0,0,3024,,,CERTIFIED,5144,644.9,,,,PI,false,AUTO,3024,GLOBAL,24192,,CRYPTOMINISAT_XOR,499
cfi-rigid-r2,graphs/cfi-rigid-r2/cfi-rigid-r2-3024-04-2,3024,6048,PI_DIST,1,42,1008,1008,4,3.00,4052,10080,6048,24192,0,8,6,715,645.6,3528,3528,,0,3528,0,408,,,10000,1,,0,0,3024,,,CERTIFIED,5175,645.6,,,,PI,false,AUTO,3024,GLOBAL,24192,,CRYPTOMINISAT_XOR,499
cfi-rigid-r2,graphs/cfi-rigid-r2/cfi-rigid-r2-3096-01-1,3096,6192,PI_DIST,1,42,1032,1032,4,3.00,4514,10320,6192,24768,0,8,6,709,647.8,3612,3612,,0,3612,0,402,,,10000,1,,0,0,3096,,,CERTIFIED,5625,647.8,,,,PI,false,AUTO,3096,GLOBAL,24768,,CRYPTOMINISAT_XOR,512
cfi-rigid-r2,graphs/cfi-rigid-r2/cfi-rigid-r2-3096-01-2,3096,6192,PI_DIST,1,42,1032,1032,4,3.00,4475,10320,6192,24768,0,8,6,746,649.7,3612,3612,,0,3612,0,428,,,10000,1,,0,0,3096,,,CERTIFIED,5649,649.7,,,,PI,false,AUTO,3096,GLOBAL,24768,,CRYPTOMINISAT_XOR,512
cfi-rigid-r2,graphs/cfi-rigid-r2/cfi-rigid-r2-3096-02-1,3096,6192,PI_DIST,1,42,1032,1032,4,3.00,4740,10320,6192,24768,0,8,6,727,653.0,3612,3612,,0,3612,0,393,,,10000,1,,0,0,3096,,,CERTIFIED,5860,653.0,,,,PI,false,AUTO,3096,GLOBAL,24768,,CRYPTOMINISAT_XOR,511
cfi-rigid-r2,graphs/cfi-rigid-r2/cfi-rigid-r2-3096-02-2,3096,6192,PI_DIST,1,42,1032,1032,4,3.00,4236,10320,6192,24768,0,8,6,717,654.0,3612,3612,,0,3612,0,394,,,10000,1,,0,0,3096,,,CERTIFIED,5347,654.0,,,,PI,false,AUTO,3096,GLOBAL,24768,,CRYPTOMINISAT_XOR,511
cfi-rigid-r2,graphs/cfi-rigid-r2/cfi-rigid-r2-3096-03-1,3096,6192,PI_DIST,1,42,1032,1032,4,3.00,4273,10320,6192,24768,0,8,6,736,655.6,3612,3612,,0,3612,0,485,,,10000,1,,0,0,3096,,,CERTIFIED,5494,655.6,,,,PI,false,AUTO,3096,GLOBAL,24768,,CRYPTOMINISAT_XOR,511
cfi-rigid-r2,graphs/cfi-rigid-r2/cfi-rigid-r2-3096-03-2,3096,6192,PI_DIST,1,42,1032,1032,4,3.00,5395,10320,6192,24768,0,8,6,795,655.6,3612,3612,,0,3612,0,413,,,10000,1,,0,0,3096,,,CERTIFIED,6603,655.6,,,,PI,false,AUTO,3096,GLOBAL,24768,,CRYPTOMINISAT_XOR,511
cfi-rigid-r2,graphs/cfi-rigid-r2/cfi-rigid-r2-3096-04-1,3096,6192,PI_DIST,1,42,1032,1032,4,3.00,4303,10320,6192,24768,0,8,6,725,655.6,3612,3612,,0,3612,0,428,,,10000,1,,0,0,3096,,,CERTIFIED,5456,655.6,,,,PI,false,AUTO,3096,GLOBAL,24768,,CRYPTOMINISAT_XOR,512
cfi-rigid-r2,graphs/cfi-rigid-r2/cfi-rigid-r2-3096-04-2,3096,6192,PI_DIST,1,42,1032,1032,4,3.00,4276,10320,6192,24768,0,8,6,1080,655.7,3612,3612,,0,3612,0,582,,,10000,1,,0,0,3096,,,CERTIFIED,5938,655.7,,,,PI,false,AUTO,3096,GLOBAL,24768,,CRYPTOMINISAT_XOR,512
cfi-rigid-r2,graphs/cfi-rigid-r2/cfi-rigid-r2-3168-01-1,3168,6336,PI_DIST,1,42,1056,1056,4,3.00,5203,10560,6336,25344,0,8,6,757,661.1,3696,3696,,0,3696,0,420,,,10000,1,,0,0,3168,,,CERTIFIED,6380,661.1,,,,PI,false,AUTO,3168,GLOBAL,25344,,CRYPTOMINISAT_XOR,524
cfi-rigid-r2,graphs/cfi-rigid-r2/cfi-rigid-r2-3168-01-2,3168,6336,PI_DIST,1,42,1056,1056,4,3.00,4489,10560,6336,25344,0,8,6,735,661.4,3696,3696,,0,3696,0,405,,,10000,1,,0,0,3168,,,CERTIFIED,5629,661.4,,,,PI,false,AUTO,3168,GLOBAL,25344,,CRYPTOMINISAT_XOR,524
cfi-rigid-r2,graphs/cfi-rigid-r2/cfi-rigid-r2-3168-02-1,3168,6336,PI_DIST,1,42,1056,1056,4,3.00,4720,10560,6336,25344,0,8,6,750,661.4,3696,3696,,0,3696,0,412,,,10000,1,,0,0,3168,,,CERTIFIED,5882,661.4,,,,PI,false,AUTO,3168,GLOBAL,25344,,CRYPTOMINISAT_XOR,525
cfi-rigid-r2,graphs/cfi-rigid-r2/cfi-rigid-r2-3168-02-2,3168,6336,PI_DIST,1,42,1056,1056,4,3.00,4523,10560,6336,25344,0,8,6,751,662.0,3696,3696,,0,3696,0,435,,,10000,1,,0,0,3168,,,CERTIFIED,5709,662.0,,,,PI,false,AUTO,3168,GLOBAL,25344,,CRYPTOMINISAT_XOR,525
cfi-rigid-r2,graphs/cfi-rigid-r2/cfi-rigid-r2-3168-03-1,3168,6336,PI_DIST,1,42,1056,1056,4,3.00,5695,10560,6336,25344,0,8,6,788,665.9,3696,3696,,0,3696,0,417,,,10000,1,,0,0,3168,,,CERTIFIED,6900,665.9,,,,PI,false,AUTO,3168,GLOBAL,25344,,CRYPTOMINISAT_XOR,526
cfi-rigid-r2,graphs/cfi-rigid-r2/cfi-rigid-r2-3168-03-2,3168,6336,PI_DIST,1,42,1056,1056,4,3.00,4640,10560,6336,25344,0,8,6,738,666.2,3696,3696,,0,3696,0,482,,,10000,1,,0,0,3168,,,CERTIFIED,5860,666.2,,,,PI,false,AUTO,3168,GLOBAL,25344,,CRYPTOMINISAT_XOR,526
cfi-rigid-r2,graphs/cfi-rigid-r2/cfi-rigid-r2-3168-04-1,3168,6336,PI_DIST,1,42,1056,1056,4,3.00,5730,10560,6336,25344,0,8,6,748,666.3,3696,3696,,0,3696,0,418,,,10000,1,,0,0,3168,,,CERTIFIED,6896,666.3,,,,PI,false,AUTO,3168,GLOBAL,25344,,CRYPTOMINISAT_XOR,521
cfi-rigid-r2,graphs/cfi-rigid-r2/cfi-rigid-r2-3168-04-2,3168,6336,PI_DIST,1,42,1056,1056,4,3.00,4487,10560,6336,25344,0,8,6,744,666.5,3696,3696,,0,3696,0,494,,,10000,1,,0,0,3168,,,CERTIFIED,5725,666.5,,,,PI,false,AUTO,3168,GLOBAL,25344,,CRYPTOMINISAT_XOR,521
cfi-rigid-r2,graphs/cfi-rigid-r2/cfi-rigid-r2-3240-01-1,3240,6480,PI_DIST,1,42,1080,1080,4,3.00,5601,10800,6480,25920,0,8,6,768,670.6,3780,3780,,0,3780,0,415,,,10000,1,,0,0,3240,,,CERTIFIED,6784,670.6,,,,PI,false,AUTO,3240,GLOBAL,25920,,CRYPTOMINISAT_XOR,539
cfi-rigid-r2,graphs/cfi-rigid-r2/cfi-rigid-r2-3240-01-2,3240,6480,PI_DIST,1,42,1080,1080,4,3.00,4611,10800,6480,25920,0,8,6,773,674.1,3780,3780,,0,3780,0,537,,,10000,1,,0,0,3240,,,CERTIFIED,5921,674.1,,,,PI,false,AUTO,3240,GLOBAL,25920,,CRYPTOMINISAT_XOR,539
cfi-rigid-r2,graphs/cfi-rigid-r2/cfi-rigid-r2-3240-02-1,3240,6480,PI_DIST,1,42,1080,1080,4,3.00,5786,10800,6480,25920,0,8,6,763,674.1,3780,3780,,0,3780,0,418,,,10000,1,,0,0,3240,,,CERTIFIED,6967,674.1,,,,PI,false,AUTO,3240,GLOBAL,25920,,CRYPTOMINISAT_XOR,537
cfi-rigid-r2,graphs/cfi-rigid-r2/cfi-rigid-r2-3240-02-2,3240,6480,PI_DIST,1,42,1080,1080,4,3.00,4668,10800,6480,25920,0,8,6,847,676.2,3780,3780,,0,3780,0,582,,,10000,1,,0,0,3240,,,CERTIFIED,6097,676.2,,,,PI,false,AUTO,3240,GLOBAL,25920,,CRYPTOMINISAT_XOR,537
cfi-rigid-r2,graphs/cfi-rigid-r2/cfi-rigid-r2-3240-03-1,3240,6480,PI_DIST,1,42,1080,1080,4,3.00,5632,10800,6480,25920,0,8,6,806,676.2,3780,3780,,0,3780,0,423,,,10000,1,,0,0,3240,,,CERTIFIED,6861,676.2,,,,PI,false,AUTO,3240,GLOBAL,25920,,CRYPTOMINISAT_XOR,535
cfi-rigid-r2,graphs/cfi-rigid-r2/cfi-rigid-r2-3240-03-2,3240,6480,PI_DIST,1,42,1080,1080,4,3.00,4823,10800,6480,25920,0,8,6,815,676.2,3780,3780,,0,3780,0,435,,,10000,1,,0,0,3240,,,CERTIFIED,6073,676.2,,,,PI,false,AUTO,3240,GLOBAL,25920,,CRYPTOMINISAT_XOR,535
cfi-rigid-r2,graphs/cfi-rigid-r2/cfi-rigid-r2-3240-04-1,3240,6480,PI_DIST,1,42,1080,1080,4,3.00,4741,10800,6480,25920,0,8,6,774,676.6,3780,3780,,0,3780,0,457,,,10000,1,,0,0,3240,,,CERTIFIED,5972,676.6,,,,PI,false,AUTO,3240,GLOBAL,25920,,CRYPTOMINISAT_XOR,535
cfi-rigid-r2,graphs/cfi-rigid-r2/cfi-rigid-r2-3240-04-2,3240,6480,PI_DIST,1,42,1080,1080,4,3.00,4721,10800,6480,25920,0,8,6,823,676.6,3780,3780,,0,3780,0,573,,,10000,1,,0,0,3240,,,CERTIFIED,6117,676.6,,,,PI,false,AUTO,3240,GLOBAL,25920,,CRYPTOMINISAT_XOR,535
cfi-rigid-r2,graphs/cfi-rigid-r2/cfi-rigid-r2-3312-01-1,3312,6624,PI_DIST,1,42,1104,1104,4,3.00,5731,11040,6624,26496,0,8,6,797,682.5,3864,3864,,0,3864,0,424,,,10000,1,,0,0,3312,,,CERTIFIED,6952,682.5,,,,PI,false,AUTO,3312,GLOBAL,26496,,CRYPTOMINISAT_XOR,548
cfi-rigid-r2,graphs/cfi-rigid-r2/cfi-rigid-r2-3312-01-2,3312,6624,PI_DIST,1,42,1104,1104,4,3.00,4957,11040,6624,26496,0,8,6,831,685.0,3864,3864,,0,3864,0,432,,,10000,1,,0,0,3312,,,CERTIFIED,6220,685.0,,,,PI,false,AUTO,3312,GLOBAL,26496,,CRYPTOMINISAT_XOR,548
cfi-rigid-r2,graphs/cfi-rigid-r2/cfi-rigid-r2-3312-02-1,3312,6624,PI_DIST,1,42,1104,1104,4,3.00,4970,11040,6624,26496,0,8,6,791,685.0,3864,3864,,0,3864,0,428,,,10000,1,,0,0,3312,,,CERTIFIED,6189,685.0,,,,PI,false,AUTO,3312,GLOBAL,26496,,CRYPTOMINISAT_XOR,549
cfi-rigid-r2,graphs/cfi-rigid-r2/cfi-rigid-r2-3312-02-2,3312,6624,PI_DIST,1,42,1104,1104,4,3.00,5160,11040,6624,26496,0,8,6,802,685.0,3864,3864,,0,3864,0,435,,,10000,1,,0,0,3312,,,CERTIFIED,6397,685.0,,,,PI,false,AUTO,3312,GLOBAL,26496,,CRYPTOMINISAT_XOR,549
cfi-rigid-r2,graphs/cfi-rigid-r2/cfi-rigid-r2-3312-03-1,3312,6624,PI_DIST,1,42,1104,1104,4,3.00,5015,11040,6624,26496,0,8,6,785,685.5,3864,3864,,0,3864,0,436,,,10000,1,,0,0,3312,,,CERTIFIED,6236,685.5,,,,PI,false,AUTO,3312,GLOBAL,26496,,CRYPTOMINISAT_XOR,548
cfi-rigid-r2,graphs/cfi-rigid-r2/cfi-rigid-r2-3312-03-2,3312,6624,PI_DIST,1,42,1104,1104,4,3.00,5287,11040,6624,26496,0,8,6,828,687.1,3864,3864,,0,3864,0,449,,,10000,1,,0,0,3312,,,CERTIFIED,6564,687.1,,,,PI,false,AUTO,3312,GLOBAL,26496,,CRYPTOMINISAT_XOR,548
cfi-rigid-r2,graphs/cfi-rigid-r2/cfi-rigid-r2-3312-04-1,3312,6624,PI_DIST,1,42,1104,1104,4,3.00,4904,11040,6624,26496,0,8,6,838,687.1,3864,3864,,0,3864,0,457,,,10000,1,,0,0,3312,,,CERTIFIED,6199,687.1,,,,PI,false,AUTO,3312,GLOBAL,26496,,CRYPTOMINISAT_XOR,551
cfi-rigid-r2,graphs/cfi-rigid-r2/cfi-rigid-r2-3312-04-2,3312,6624,PI_DIST,1,42,1104,1104,4,3.00,5375,11040,6624,26496,0,8,6,1134,687.1,3864,3864,,0,3864,0,609,,,10000,1,,0,0,3312,,,CERTIFIED,7118,687.1,,,,PI,false,AUTO,3312,GLOBAL,26496,,CRYPTOMINISAT_XOR,551
cfi-rigid-r2,graphs/cfi-rigid-r2/cfi-rigid-r2-3384-01-1,3384,6768,PI_DIST,1,42,1128,1128,4,3.00,5684,11280,6768,27072,0,8,6,1028,692.3,3948,3948,,0,3948,0,489,,,10000,1,,0,0,3384,,,CERTIFIED,7201,692.3,,,,PI,false,AUTO,3384,GLOBAL,27072,,CRYPTOMINISAT_XOR,559
cfi-rigid-r2,graphs/cfi-rigid-r2/cfi-rigid-r2-3384-01-2,3384,6768,PI_DIST,1,42,1128,1128,4,3.00,5137,11280,6768,27072,0,8,6,813,692.3,3948,3948,,0,3948,0,443,,,10000,1,,0,0,3384,,,CERTIFIED,6393,692.3,,,,PI,false,AUTO,3384,GLOBAL,27072,,CRYPTOMINISAT_XOR,559
cfi-rigid-r2,graphs/cfi-rigid-r2/cfi-rigid-r2-3384-02-1,3384,6768,PI_DIST,1,42,1128,1128,4,3.00,5187,11280,6768,27072,0,8,6,1158,692.3,3948,3948,,0,3948,0,620,,,10000,1,,0,0,3384,,,CERTIFIED,6965,692.3,,,,PI,false,AUTO,3384,GLOBAL,27072,,CRYPTOMINISAT_XOR,562
cfi-rigid-r2,graphs/cfi-rigid-r2/cfi-rigid-r2-3384-02-2,3384,6768,PI_DIST,1,42,1128,1128,4,3.00,5692,11280,6768,27072,0,8,6,954,696.8,3948,3948,,0,3948,0,618,,,10000,1,,0,0,3384,,,CERTIFIED,7264,696.8,,,,PI,false,AUTO,3384,GLOBAL,27072,,CRYPTOMINISAT_XOR,562
cfi-rigid-r2,graphs/cfi-rigid-r2/cfi-rigid-r2-3384-03-1,3384,6768,PI_DIST,1,42,1128,1128,4,3.00,5903,11280,6768,27072,0,8,6,848,696.9,3948,3948,,0,3948,0,479,,,10000,1,,0,0,3384,,,CERTIFIED,7230,696.9,,,,PI,false,AUTO,3384,GLOBAL,27072,,CRYPTOMINISAT_XOR,560
cfi-rigid-r2,graphs/cfi-rigid-r2/cfi-rigid-r2-3384-03-2,3384,6768,PI_DIST,1,42,1128,1128,4,3.00,5079,11280,6768,27072,0,8,6,833,697.3,3948,3948,,0,3948,0,441,,,10000,1,,0,0,3384,,,CERTIFIED,6353,697.3,,,,PI,false,AUTO,3384,GLOBAL,27072,,CRYPTOMINISAT_XOR,560
cfi-rigid-r2,graphs/cfi-rigid-r2/cfi-rigid-r2-3384-04-1,3384,6768,PI_DIST,1,42,1128,1128,4,3.00,5334,11280,6768,27072,0,8,6,809,697.3,3948,3948,,0,3948,0,588,,,10000,1,,0,0,3384,,,CERTIFIED,6731,697.3,,,,PI,false,AUTO,3384,GLOBAL,27072,,CRYPTOMINISAT_XOR,562
cfi-rigid-r2,graphs/cfi-rigid-r2/cfi-rigid-r2-3384-04-2,3384,6768,PI_DIST,1,42,1128,1128,4,3.00,6125,11280,6768,27072,0,8,6,813,697.5,3948,3948,,0,3948,0,447,,,10000,1,,0,0,3384,,,CERTIFIED,7385,697.5,,,,PI,false,AUTO,3384,GLOBAL,27072,,CRYPTOMINISAT_XOR,562
cfi-rigid-r2,graphs/cfi-rigid-r2/cfi-rigid-r2-3456-01-1,3456,6912,PI_DIST,1,42,1152,1152,4,3.00,5561,11520,6912,27648,0,8,6,1203,701.6,4032,4032,,0,4032,0,633,,,10000,1,,0,0,3456,,,CERTIFIED,7397,701.6,,,,PI,false,AUTO,3456,GLOBAL,27648,,CRYPTOMINISAT_XOR,570
cfi-rigid-r2,graphs/cfi-rigid-r2/cfi-rigid-r2-3456-01-2,3456,6912,PI_DIST,1,42,1152,1152,4,3.00,6462,11520,6912,27648,0,8,6,1192,704.7,4032,4032,,0,4032,0,649,,,10000,1,,0,0,3456,,,CERTIFIED,8303,704.7,,,,PI,false,AUTO,3456,GLOBAL,27648,,CRYPTOMINISAT_XOR,570
cfi-rigid-r2,graphs/cfi-rigid-r2/cfi-rigid-r2-3456-02-1,3456,6912,PI_DIST,1,42,1152,1152,4,3.00,7516,11520,6912,27648,0,8,6,838,704.7,4032,4032,,0,4032,0,462,,,10000,1,,0,0,3456,,,CERTIFIED,8816,704.7,,,,PI,false,AUTO,3456,GLOBAL,27648,,CRYPTOMINISAT_XOR,575
cfi-rigid-r2,graphs/cfi-rigid-r2/cfi-rigid-r2-3456-02-2,3456,6912,PI_DIST,1,42,1152,1152,4,3.00,5311,11520,6912,27648,0,8,6,851,705.6,4032,4032,,0,4032,0,480,,,10000,1,,0,0,3456,,,CERTIFIED,6642,705.6,,,,PI,false,AUTO,3456,GLOBAL,27648,,CRYPTOMINISAT_XOR,575
cfi-rigid-r2,graphs/cfi-rigid-r2/cfi-rigid-r2-3456-03-1,3456,6912,PI_DIST,1,42,1152,1152,4,3.00,5545,11520,6912,27648,0,8,6,934,705.6,4032,4032,,0,4032,0,467,,,10000,1,,0,0,3456,,,CERTIFIED,6946,705.6,,,,PI,false,AUTO,3456,GLOBAL,27648,,CRYPTOMINISAT_XOR,573
cfi-rigid-r2,graphs/cfi-rigid-r2/cfi-rigid-r2-3456-03-2,3456,6912,PI_DIST,1,42,1152,1152,4,3.00,5602,11520,6912,27648,0,8,6,862,706.3,4032,4032,,0,4032,0,466,,,10000,1,,0,0,3456,,,CERTIFIED,6930,706.3,,,,PI,false,AUTO,3456,GLOBAL,27648,,CRYPTOMINISAT_XOR,573
cfi-rigid-r2,graphs/cfi-rigid-r2/cfi-rigid-r2-3456-04-1,3456,6912,PI_DIST,1,42,1152,1152,4,3.00,6706,11520,6912,27648,0,8,6,833,706.3,4032,4032,,0,4032,0,468,,,10000,1,,0,0,3456,,,CERTIFIED,8007,706.3,,,,PI,false,AUTO,3456,GLOBAL,27648,,CRYPTOMINISAT_XOR,571
cfi-rigid-r2,graphs/cfi-rigid-r2/cfi-rigid-r2-3456-04-2,3456,6912,PI_DIST,1,42,1152,1152,4,3.00,5444,11520,6912,27648,0,8,6,854,707.5,4032,4032,,0,4032,0,521,,,10000,1,,0,0,3456,,,CERTIFIED,6819,707.5,,,,PI,false,AUTO,3456,GLOBAL,27648,,CRYPTOMINISAT_XOR,571
cfi-rigid-r2,graphs/cfi-rigid-r2/cfi-rigid-r2-3528-01-1,3528,7056,PI_DIST,1,42,1176,1176,4,3.00,6739,11760,7056,28224,0,8,6,884,714.4,4116,4116,,0,4116,0,469,,,10000,1,,0,0,3528,,,CERTIFIED,8092,714.4,,,,PI,false,AUTO,3528,GLOBAL,28224,,CRYPTOMINISAT_XOR,586
cfi-rigid-r2,graphs/cfi-rigid-r2/cfi-rigid-r2-3528-01-2,3528,7056,PI_DIST,1,42,1176,1176,4,3.00,6688,11760,7056,28224,0,8,6,878,715.5,4116,4116,,0,4116,0,461,,,10000,1,,0,0,3528,,,CERTIFIED,8027,715.5,,,,PI,false,AUTO,3528,GLOBAL,28224,,CRYPTOMINISAT_XOR,586
cfi-rigid-r2,graphs/cfi-rigid-r2/cfi-rigid-r2-3528-02-1,3528,7056,PI_DIST,1,42,1176,1176,4,3.00,5769,11760,7056,28224,0,8,6,912,716.3,4116,4116,,0,4116,0,472,,,10000,1,,0,0,3528,,,CERTIFIED,7153,716.3,,,,PI,false,AUTO,3528,GLOBAL,28224,,CRYPTOMINISAT_XOR,582
cfi-rigid-r2,graphs/cfi-rigid-r2/cfi-rigid-r2-3528-02-2,3528,7056,PI_DIST,1,42,1176,1176,4,3.00,5576,11760,7056,28224,0,8,6,894,717.2,4116,4116,,0,4116,0,469,,,10000,1,,0,0,3528,,,CERTIFIED,6939,717.2,,,,PI,false,AUTO,3528,GLOBAL,28224,,CRYPTOMINISAT_XOR,582
cfi-rigid-r2,graphs/cfi-rigid-r2/cfi-rigid-r2-3528-03-1,3528,7056,PI_DIST,1,42,1176,1176,4,3.00,5557,11760,7056,28224,0,8,6,877,718.0,4116,4116,,0,4116,0,464,,,10000,1,,0,0,3528,,,CERTIFIED,6898,718.0,,,,PI,false,AUTO,3528,GLOBAL,28224,,CRYPTOMINISAT_XOR,584
cfi-rigid-r2,graphs/cfi-rigid-r2/cfi-rigid-r2-3528-03-2,3528,7056,PI_DIST,1,42,1176,1176,4,3.00,6691,11760,7056,28224,0,8,6,883,719.1,4116,4116,,0,4116,0,477,,,10000,1,,0,0,3528,,,CERTIFIED,8051,719.1,,,,PI,false,AUTO,3528,GLOBAL,28224,,CRYPTOMINISAT_XOR,584
cfi-rigid-r2,graphs/cfi-rigid-r2/cfi-rigid-r2-3528-04-1,3528,7056,PI_DIST,1,42,1176,1176,4,3.00,5708,11760,7056,28224,0,8,6,870,719.1,4116,4116,,0,4116,0,462,,,10000,1,,0,0,3528,,,CERTIFIED,7040,719.1,,,,PI,false,AUTO,3528,GLOBAL,28224,,CRYPTOMINISAT_XOR,584
cfi-rigid-r2,graphs/cfi-rigid-r2/cfi-rigid-r2-3528-04-2,3528,7056,PI_DIST,1,42,1176,1176,4,3.00,7311,11760,7056,28224,0,8,6,1241,719.1,4116,4116,,0,4116,0,650,,,10000,1,,0,0,3528,,,CERTIFIED,9202,719.1,,,,PI,false,AUTO,3528,GLOBAL,28224,,CRYPTOMINISAT_XOR,584
cfi-rigid-r2,graphs/cfi-rigid-r2/cfi-rigid-r2-3600-01-1,3600,7200,PI_DIST,1,42,1200,1200,4,3.00,6642,12000,7200,28800,0,8,6,1255,725.7,4200,4200,,0,4200,0,665,,,10000,1,,0,0,3600,,,CERTIFIED,8562,725.7,,,,PI,false,AUTO,3600,GLOBAL,28800,,CRYPTOMINISAT_XOR,598
cfi-rigid-r2,graphs/cfi-rigid-r2/cfi-rigid-r2-3600-01-2,3600,7200,PI_DIST,1,42,1200,1200,4,3.00,6226,12000,7200,28800,0,8,6,888,725.7,4200,4200,,0,4200,0,480,,,10000,1,,0,0,3600,,,CERTIFIED,7594,725.7,,,,PI,false,AUTO,3600,GLOBAL,28800,,CRYPTOMINISAT_XOR,598
cfi-rigid-r2,graphs/cfi-rigid-r2/cfi-rigid-r2-3600-02-1,3600,7200,PI_DIST,1,42,1200,1200,4,3.00,5931,12000,7200,28800,0,8,6,896,728.2,4200,4200,,0,4200,0,494,,,10000,1,,0,0,3600,,,CERTIFIED,7321,728.2,,,,PI,false,AUTO,3600,GLOBAL,28800,,CRYPTOMINISAT_XOR,596
cfi-rigid-r2,graphs/cfi-rigid-r2/cfi-rigid-r2-3600-02-2,3600,7200,PI_DIST,1,42,1200,1200,4,3.00,5819,12000,7200,28800,0,8,6,927,728.2,4200,4200,,0,4200,0,518,,,10000,1,,0,0,3600,,,CERTIFIED,7264,728.2,,,,PI,false,AUTO,3600,GLOBAL,28800,,CRYPTOMINISAT_XOR,596
cfi-rigid-r2,graphs/cfi-rigid-r2/cfi-rigid-r2-3600-03-1,3600,7200,PI_DIST,1,42,1200,1200,4,3.00,5978,12000,7200,28800,0,8,6,938,728.2,4200,4200,,0,4200,0,503,,,10000,1,,0,0,3600,,,CERTIFIED,7419,728.2,,,,PI,false,AUTO,3600,GLOBAL,28800,,CRYPTOMINISAT_XOR,598
cfi-rigid-r2,graphs/cfi-rigid-r2/cfi-rigid-r2-3600-03-2,3600,7200,PI_DIST,1,42,1200,1200,4,3.00,6151,12000,7200,28800,0,8,6,1276,729.1,4200,4200,,0,4200,0,664,,,10000,1,,0,0,3600,,,CERTIFIED,8091,729.1,,,,PI,false,AUTO,3600,GLOBAL,28800,,CRYPTOMINISAT_XOR,598
cfi-rigid-r2,graphs/cfi-rigid-r2/cfi-rigid-r2-3600-04-1,3600,7200,PI_DIST,1,42,1200,1200,4,3.00,6136,12000,7200,28800,0,8,6,901,729.1,4200,4200,,0,4200,0,483,,,10000,1,,0,0,3600,,,CERTIFIED,7520,729.1,,,,PI,false,AUTO,3600,GLOBAL,28800,,CRYPTOMINISAT_XOR,597
cfi-rigid-r2,graphs/cfi-rigid-r2/cfi-rigid-r2-3600-04-2,3600,7200,PI_DIST,1,42,1200,1200,4,3.00,5953,12000,7200,28800,0,8,6,949,729.1,4200,4200,,0,4200,0,492,,,10000,1,,0,0,3600,,,CERTIFIED,7394,729.1,,,,PI,false,AUTO,3600,GLOBAL,28800,,CRYPTOMINISAT_XOR,597
