family,instance,n,m,config,repeat,seed,classes_1wl,classes_pi,class_size_max,class_size_mean,colouring_ms,variables,clauses_bijection,clauses_edge,clauses_implied,anchors_k,dmax,encode_ms,formula_peak_rss_mb,queries_issued,queries_skipped_witness,queries_skipped_separation,sat,unsat,unknown,solve_ms_total,solve_ms_max,solve_ms_median,per_query_timeout_ms,workers,straggler_ratio,witnesses_verified,witnesses_rejected,recovered_orbits,true_orbits,gt_source,status,total_ms,peak_rss_mb,wl1_original,pi_subdivision,pi_to_original,colouring_used,subdivided,subdivision_mode,n_solved,filter_mode,global_edge_clause_estimate,per_query_edge_clause_estimate
cfi-rigid-s2,graphs/cfi-rigid-s2/cfi-rigid-s2-0064-01-1,64,640,WL_DIST,1,42,15,15,8,4.27,40,288,128,5264,2592,8,6,34,79.2,94,7,123,1,93,0,39,2,0,180000,1,1.00,1,0,60,,,CERTIFIED,113,85.8,15,,,WL1_ORIGINAL,false,OFF,64,GLOBAL,5264,
cfi-rigid-s2,graphs/cfi-rigid-s2/cfi-rigid-s2-0064-01-2,64,636,WL_DIST,1,42,15,15,8,4.27,0,288,128,5424,2176,8,6,10,91.9,112,0,112,0,112,0,21,1,0,180000,1,1.00,0,0,64,,,CERTIFIED,31,96.1,15,,,WL1_ORIGINAL,false,OFF,64,GLOBAL,5424,
cfi-rigid-s2,graphs/cfi-rigid-s2/cfi-rigid-s2-0064-02-1,64,632,WL_DIST,1,42,15,15,8,4.27,1,288,128,5104,2016,8,6,6,102.2,100,4,120,4,96,0,17,1,0,180000,1,1.00,4,0,60,,,CERTIFIED,24,106.8,15,,,WL1_ORIGINAL,false,OFF,64,GLOBAL,5104,
cfi-rigid-s2,graphs/cfi-rigid-s2/cfi-rigid-s2-0064-02-2,64,632,WL_DIST,1,42,15,15,8,4.27,0,288,128,5104,2272,8,6,5,112.9,93,7,124,1,92,0,23,1,0,180000,1,1.00,1,0,60,,,CERTIFIED,28,117.9,15,,,WL1_ORIGINAL,false,OFF,64,GLOBAL,5104,
cfi-rigid-s2,graphs/cfi-rigid-s2/cfi-rigid-s2-0064-03-1,64,644,WL_DIST,1,42,16,16,4,4.00,1,256,128,4432,2336,8,6,4,120.7,96,0,96,0,96,0,9,1,0,180000,1,1.00,0,0,64,,,CERTIFIED,14,122.3,16,,,WL1_ORIGINAL,false,OFF,64,GLOBAL,4432,
cfi-rigid-s2,graphs/cfi-rigid-s2/cfi-rigid-s2-0064-03-2,64,644,WL_DIST,1,42,16,16,4,4.00,0,256,128,4432,2176,8,6,3,123.2,96,0,96,0,96,0,9,1,0,180000,1,1.00,0,0,64,,,CERTIFIED,12,123.7,16,,,WL1_ORIGINAL,false,OFF,64,GLOBAL,4432,
cfi-rigid-s2,graphs/cfi-rigid-s2/cfi-rigid-s2-0064-04-1,64,632,WL_DIST,1,42,16,16,4,4.00,0,256,128,4192,2336,8,6,3,123.9,96,0,96,0,96,0,8,1,0,180000,1,1.00,0,0,64,,,CERTIFIED,11,124.1,16,,,WL1_ORIGINAL,false,OFF,64,GLOBAL,4192,
cfi-rigid-s2,graphs/cfi-rigid-s2/cfi-rigid-s2-0064-04-2,64,632,WL_DIST,1,42,16,16,4,4.00,1,256,128,4192,2176,8,6,3,125.0,96,0,96,0,96,0,8,0,0,180000,1,1.00,0,0,64,,,CERTIFIED,12,125.0,16,,,WL1_ORIGINAL,false,OFF,64,GLOBAL,4192,
cfi-rigid-s2,graphs/cfi-rigid-s2/cfi-rigid-s2-0128-01-1,128,1312,WL_DIST,1,42,32,32,4,4.00,0,512,256,9344,2336,8,6,6,126.0,192,0,192,0,192,0,16,1,0,180000,1,1.00,0,0,128,,,CERTIFIED,22,136.3,32,,,WL1_ORIGINAL,false,OFF,128,GLOBAL,9344,
cfi-rigid-s2,graphs/cfi-rigid-s2/cfi-rigid-s2-0128-01-2,128,1312,WL_DIST,1,42,32,32,4,4.00,1,512,256,9344,2176,8,6,6,146.9,192,0,192,0,192,0,17,1,0,180000,1,1.00,0,0,128,,,CERTIFIED,24,151.4,32,,,WL1_ORIGINAL,false,OFF,128,GLOBAL,9344,
cfi-rigid-s2,graphs/cfi-rigid-s2/cfi-rigid-s2-0128-02-1,128,1312,WL_DIST,1,42,32,32,4,4.00,1,512,256,9344,2176,8,6,5,151.5,192,0,192,0,192,0,16,1,0,180000,1,1.00,0,0,128,,,CERTIFIED,22,153.3,32,,,WL1_ORIGINAL,false,OFF,128,GLOBAL,9344,
cfi-rigid-s2,graphs/cfi-rigid-s2/cfi-rigid-s2-0128-02-2,128,1312,WL_DIST,1,42,32,32,4,4.00,1,512,256,9344,2336,8,6,6,156.1,192,0,192,0,192,0,15,1,0,180000,1,1.00,0,0,128,,,CERTIFIED,22,156.4,32,,,WL1_ORIGINAL,false,OFF,128,GLOBAL,9344,
cfi-rigid-s2,graphs/cfi-rigid-s2/cfi-rigid-s2-0128-03-1,128,1316,WL_DIST,1,42,32,32,4,4.00,0,512,256,9424,2336,8,6,7,160.6,192,0,192,0,192,0,22,1,0,180000,1,1.00,0,0,128,,,CERTIFIED,29,166.7,32,,,WL1_ORIGINAL,false,OFF,128,GLOBAL,9424,
cfi-rigid-s2,graphs/cfi-rigid-s2/cfi-rigid-s2-0128-03-2,128,1316,WL_DIST,1,42,32,32,4,4.00,1,512,256,9424,2496,8,6,6,166.8,192,0,192,0,192,0,15,1,0,180000,1,1.00,0,0,128,,,CERTIFIED,22,166.8,32,,,WL1_ORIGINAL,false,OFF,128,GLOBAL,9424,
cfi-rigid-s2,graphs/cfi-rigid-s2/cfi-rigid-s2-0128-04-1,128,1328,WL_DIST,1,42,32,32,4,4.00,1,512,256,9664,2496,8,6,6,166.8,192,0,192,0,192,0,14,1,0,180000,1,1.00,0,0,128,,,CERTIFIED,21,166.8,32,,,WL1_ORIGINAL,false,OFF,128,GLOBAL,9664,
cfi-rigid-s2,graphs/cfi-rigid-s2/cfi-rigid-s2-0128-04-2,128,1328,WL_DIST,1,42,32,32,4,4.00,0,512,256,9664,2496,8,6,5,166.9,192,0,192,0,192,0,15,1,0,180000,1,1.00,0,0,128,,,CERTIFIED,20,166.9,32,,,WL1_ORIGINAL,false,OFF,128,GLOBAL,9664,
cfi-rigid-s2,graphs/cfi-rigid-s2/cfi-rigid-s2-0192-01-1,192,1984,WL_DIST,1,42,48,48,4,4.00,0,768,384,14336,2496,8,6,16,171.5,288,0,288,0,288,0,20,1,0,180000,1,1.00,0,0,192,,,CERTIFIED,36,175.6,48,,,WL1_ORIGINAL,false,OFF,192,GLOBAL,14336,
cfi-rigid-s2,graphs/cfi-rigid-s2/cfi-rigid-s2-0192-01-2,192,1984,WL_DIST,1,42,48,48,4,4.00,0,768,384,14336,2176,8,6,8,180.2,288,0,288,0,288,0,19,1,0,180000,1,1.00,0,0,192,,,CERTIFIED,27,180.5,48,,,WL1_ORIGINAL,false,OFF,192,GLOBAL,14336,
cfi-rigid-s2,graphs/cfi-rigid-s2/cfi-rigid-s2-0192-02-1,192,1988,WL_DIST,1,42,48,48,4,4.00,1,768,384,14416,2176,8,6,9,180.8,288,0,288,0,288,0,24,1,0,180000,1,1.00,0,0,192,,,CERTIFIED,34,183.0,48,,,WL1_ORIGINAL,false,OFF,192,GLOBAL,14416,
cfi-rigid-s2,graphs/cfi-rigid-s2/cfi-rigid-s2-0192-02-2,192,1988,WL_DIST,1,42,48,48,4,4.00,1,768,384,14416,2496,8,6,10,203.1,288,0,288,0,288,0,20,1,0,180000,1,1.00,0,0,192,,,CERTIFIED,31,215.0,48,,,WL1_ORIGINAL,false,OFF,192,GLOBAL,14416,
cfi-rigid-s2,graphs/cfi-rigid-s2/cfi-rigid-s2-0192-03-1,192,1980,WL_DIST,1,42,48,48,4,4.00,1,768,384,14256,2336,8,6,8,217.9,288,0,288,0,288,0,19,1,0,180000,1,1.00,0,0,192,,,CERTIFIED,28,220.9,48,,,WL1_ORIGINAL,false,OFF,192,GLOBAL,14256,
cfi-rigid-s2,graphs/cfi-rigid-s2/cfi-rigid-s2-0192-03-2,192,1980,WL_DIST,1,42,48,48,4,4.00,1,768,384,14256,2336,8,6,8,220.9,288,0,288,0,288,0,21,1,0,180000,1,1.00,0,0,192,,,CERTIFIED,30,220.9,48,,,WL1_ORIGINAL,false,OFF,192,GLOBAL,14256,
cfi-rigid-s2,graphs/cfi-rigid-s2/cfi-rigid-s2-0192-04-1,192,1972,WL_DIST,1,42,48,48,4,4.00,1,768,384,14096,2336,8,6,8,220.9,288,0,288,0,288,0,20,1,0,180000,1,1.00,0,0,192,,,CERTIFIED,29,220.9,48,,,WL1_ORIGINAL,false,OFF,192,GLOBAL,14096,
cfi-rigid-s2,graphs/cfi-rigid-s2/cfi-rigid-s2-0192-04-2,192,1972,WL_DIST,1,42,48,48,4,4.00,1,768,384,14096,2336,8,6,8,221.0,288,0,288,0,288,0,20,1,0,180000,1,1.00,0,0,192,,,CERTIFIED,29,221.1,48,,,WL1_ORIGINAL,false,OFF,192,GLOBAL,14096,
cfi-rigid-s2,graphs/cfi-rigid-s2/cfi-rigid-s2-0256-01-1,256,2656,WL_DIST,1,42,64,64,4,4.00,0,1024,512,19328,2336,8,6,11,221.7,384,0,384,0,384,0,30,2,0,180000,1,1.00,0,0,256,,,CERTIFIED,41,222.0,64,,,WL1_ORIGINAL,false,OFF,256,GLOBAL,19328,
cfi-rigid-s2,graphs/cfi-rigid-s2/cfi-rigid-s2-0256-01-2,256,2656,WL_DIST,1,42,64,64,4,4.00,0,1024,512,19328,2496,8,6,10,222.1,384,0,384,0,384,0,25,2,0,180000,1,1.00,0,0,256,,,CERTIFIED,35,222.1,64,,,WL1_ORIGINAL,false,OFF,256,GLOBAL,19328,
cfi-rigid-s2,graphs/cfi-rigid-s2/cfi-rigid-s2-0256-02-1,256,2652,WL_DIST,1,42,64,64,4,4.00,1,1024,512,19248,2496,8,6,10,222.2,384,0,384,0,384,0,32,2,0,180000,1,1.00,0,0,256,,,CERTIFIED,43,222.2,64,,,WL1_ORIGINAL,false,OFF,256,GLOBAL,19248,
cfi-rigid-s2,graphs/cfi-rigid-s2/cfi-rigid-s2-0256-02-2,256,2652,WL_DIST,1,42,64,64,4,4.00,0,1024,512,19248,2496,8,6,10,222.2,384,0,384,0,384,0,24,1,0,180000,1,1.00,0,0,256,,,CERTIFIED,34,222.2,64,,,WL1_ORIGINAL,false,OFF,256,GLOBAL,19248,
cfi-rigid-s2,graphs/cfi-rigid-s2/cfi-rigid-s2-0256-03-1,256,2660,WL_DIST,1,42,64,64,4,4.00,0,1024,512,19408,2496,8,6,10,222.2,384,0,384,0,384,0,26,1,0,180000,1,1.00,0,0,256,,,CERTIFIED,36,222.2,64,,,WL1_ORIGINAL,false,OFF,256,GLOBAL,19408,
cfi-rigid-s2,graphs/cfi-rigid-s2/cfi-rigid-s2-0256-03-2,256,2660,WL_DIST,1,42,64,64,4,4.00,1,1024,512,19408,2496,8,6,13,246.3,384,0,384,0,384,0,26,1,0,180000,1,1.00,0,0,256,,,CERTIFIED,40,260.3,64,,,WL1_ORIGINAL,false,OFF,256,GLOBAL,19408,
cfi-rigid-s2,graphs/cfi-rigid-s2/cfi-rigid-s2-0256-04-1,256,2652,WL_DIST,1,42,64,64,4,4.00,1,1024,512,19248,2496,8,6,10,274.3,384,0,384,0,384,0,26,2,0,180000,1,1.00,0,0,256,,,CERTIFIED,37,274.3,64,,,WL1_ORIGINAL,false,OFF,256,GLOBAL,19248,
cfi-rigid-s2,graphs/cfi-rigid-s2/cfi-rigid-s2-0256-04-2,256,2652,WL_DIST,1,42,64,64,4,4.00,0,1024,512,19248,2496,8,6,10,274.3,384,0,384,0,384,0,33,2,0,180000,1,1.00,0,0,256,,,CERTIFIED,43,274.4,64,,,WL1_ORIGINAL,false,OFF,256,GLOBAL,19248,
cfi-rigid-s2,graphs/cfi-rigid-s2/cfi-rigid-s2-0320-01-1,320,3324,WL_DIST,1,42,80,80,4,4.00,1,1280,640,24240,2336,8,6,13,276.9,480,0,480,0,480,0,31,2,0,180000,1,1.00,0,0,320,,,CERTIFIED,45,276.9,80,,,WL1_ORIGINAL,false,OFF,320,GLOBAL,24240,
cfi-rigid-s2,graphs/cfi-rigid-s2/cfi-rigid-s2-0320-01-2,320,3324,WL_DIST,1,42,80,80,4,4.00,1,1280,640,24240,2336,8,6,13,276.9,480,0,480,0,480,0,32,2,0,180000,1,1.00,0,0,320,,,CERTIFIED,46,276.9,80,,,WL1_ORIGINAL,false,OFF,320,GLOBAL,24240,
cfi-rigid-s2,graphs/cfi-rigid-s2/cfi-rigid-s2-0320-02-1,320,3332,WL_DIST,1,42,80,80,4,4.00,1,1280,640,24400,2336,8,6,13,276.9,480,0,480,0,480,0,30,2,0,180000,1,1.00,0,0,320,,,CERTIFIED,44,276.9,80,,,WL1_ORIGINAL,false,OFF,320,GLOBAL,24400,
cfi-rigid-s2,graphs/cfi-rigid-s2/cfi-rigid-s2-0320-02-2,320,3332,WL_DIST,1,42,80,80,4,4.00,1,1280,640,24400,2496,8,6,14,277.0,480,0,480,0,480,0,34,2,0,180000,1,1.00,0,0,320,,,CERTIFIED,49,277.6,80,,,WL1_ORIGINAL,false,OFF,320,GLOBAL,24400,
cfi-rigid-s2,graphs/cfi-rigid-s2/cfi-rigid-s2-0320-03-1,320,3316,WL_DIST,1,42,80,80,4,4.00,1,1280,640,24080,2336,8,6,14,277.6,480,0,480,0,480,0,28,1,0,180000,1,1.00,0,0,320,,,CERTIFIED,43,277.6,80,,,WL1_ORIGINAL,false,OFF,320,GLOBAL,24080,
cfi-rigid-s2,graphs/cfi-rigid-s2/cfi-rigid-s2-0320-03-2,320,3316,WL_DIST,1,42,80,80,4,4.00,2,1280,640,24080,2336,8,6,13,277.6,480,0,480,0,480,0,28,2,0,180000,1,1.00,0,0,320,,,CERTIFIED,43,277.6,80,,,WL1_ORIGINAL,false,OFF,320,GLOBAL,24080,
cfi-rigid-s2,graphs/cfi-rigid-s2/cfi-rigid-s2-0320-04-1,320,3340,WL_DIST,1,42,80,80,4,4.00,1,1280,640,24560,2336,8,6,20,286.7,480,0,480,0,480,0,38,2,0,180000,1,1.00,0,0,320,,,CERTIFIED,59,304.7,80,,,WL1_ORIGINAL,false,OFF,320,GLOBAL,24560,
cfi-rigid-s2,graphs/cfi-rigid-s2/cfi-rigid-s2-0320-04-2,320,3340,WL_DIST,1,42,80,80,4,4.00,1,1280,640,24560,2496,8,6,13,320.7,480,0,480,0,480,0,33,2,0,180000,1,1.00,0,0,320,,,CERTIFIED,47,320.7,80,,,WL1_ORIGINAL,false,OFF,320,GLOBAL,24560,
cfi-rigid-s2,graphs/cfi-rigid-s2/cfi-rigid-s2-0384-01-1,384,4008,WL_DIST,1,42,96,96,4,4.00,1,1536,768,29472,2496,8,6,16,321.3,576,0,576,0,576,0,48,3,0,180000,1,1.00,0,0,384,,,CERTIFIED,65,321.5,96,,,WL1_ORIGINAL,false,OFF,384,GLOBAL,29472,
cfi-rigid-s2,graphs/cfi-rigid-s2/cfi-rigid-s2-0384-01-2,384,4008,WL_DIST,1,42,96,96,4,4.00,1,1536,768,29472,2496,8,6,16,321.8,576,0,576,0,576,0,41,3,0,180000,1,1.00,0,0,384,,,CERTIFIED,58,322.1,96,,,WL1_ORIGINAL,false,OFF,384,GLOBAL,29472,
cfi-rigid-s2,graphs/cfi-rigid-s2/cfi-rigid-s2-0384-02-1,384,3964,WL_DIST,1,42,96,96,4,4.00,1,1536,768,28592,2496,8,6,16,322.2,576,0,576,0,576,0,47,3,0,180000,1,1.00,0,0,384,,,CERTIFIED,64,322.2,96,,,WL1_ORIGINAL,false,OFF,384,GLOBAL,28592,
cfi-rigid-s2,graphs/cfi-rigid-s2/cfi-rigid-s2-0384-02-2,384,3964,WL_DIST,1,42,96,96,4,4.00,1,1536,768,28592,2336,8,6,15,322.2,576,0,576,0,576,0,35,2,0,180000,1,1.00,0,0,384,,,CERTIFIED,51,322.2,96,,,WL1_ORIGINAL,false,OFF,384,GLOBAL,28592,
cfi-rigid-s2,graphs/cfi-rigid-s2/cfi-rigid-s2-0384-03-1,384,4004,WL_DIST,1,42,95,95,8,4.04,1,1568,768,30304,2496,8,6,16,322.3,580,4,600,4,576,0,56,3,0,180000,1,1.00,4,0,380,,,CERTIFIED,73,322.3,95,,,WL1_ORIGINAL,false,OFF,384,GLOBAL,30304,
cfi-rigid-s2,graphs/cfi-rigid-s2/cfi-rigid-s2-0384-03-2,384,4004,WL_DIST,1,42,95,95,8,4.04,1,1568,768,30304,2496,8,6,16,322.5,580,4,600,4,576,0,71,6,0,180000,1,1.00,4,0,380,,,CERTIFIED,88,322.5,95,,,WL1_ORIGINAL,false,OFF,384,GLOBAL,30304,
cfi-rigid-s2,graphs/cfi-rigid-s2/cfi-rigid-s2-0384-04-1,384,4000,WL_DIST,1,42,96,96,4,4.00,1,1536,768,29312,2496,8,6,15,322.5,576,0,576,0,576,0,41,2,0,180000,1,1.00,0,0,384,,,CERTIFIED,57,322.5,96,,,WL1_ORIGINAL,false,OFF,384,GLOBAL,29312,
cfi-rigid-s2,graphs/cfi-rigid-s2/cfi-rigid-s2-0384-04-2,384,4000,WL_DIST,1,42,96,96,4,4.00,1,1536,768,29312,2496,8,6,21,368.2,576,0,576,0,576,0,41,3,0,180000,1,1.00,0,0,384,,,CERTIFIED,63,373.2,96,,,WL1_ORIGINAL,false,OFF,384,GLOBAL,29312,
cfi-rigid-s2,graphs/cfi-rigid-s2/cfi-rigid-s2-0448-01-1,448,4676,WL_DIST,1,42,112,112,4,4.00,1,1792,896,34384,2496,8,6,19,373.6,672,0,672,0,672,0,50,4,0,180000,1,1.00,0,0,448,,,CERTIFIED,70,373.6,112,,,WL1_ORIGINAL,false,OFF,448,GLOBAL,34384,
cfi-rigid-s2,graphs/cfi-rigid-s2/cfi-rigid-s2-0448-01-2,448,4676,WL_DIST,1,42,112,112,4,4.00,1,1792,896,34384,2336,8,6,19,373.7,672,0,672,0,672,0,60,5,0,180000,1,1.00,0,0,448,,,CERTIFIED,80,378.0,112,,,WL1_ORIGINAL,false,OFF,448,GLOBAL,34384,
cfi-rigid-s2,graphs/cfi-rigid-s2/cfi-rigid-s2-0448-02-1,448,4676,WL_DIST,1,42,112,112,4,4.00,1,1792,896,34384,2496,8,6,19,378.0,672,0,672,0,672,0,50,3,0,180000,1,1.00,0,0,448,,,CERTIFIED,70,378.1,112,,,WL1_ORIGINAL,false,OFF,448,GLOBAL,34384,
cfi-rigid-s2,graphs/cfi-rigid-s2/cfi-rigid-s2-0448-02-2,448,4676,WL_DIST,1,42,112,112,4,4.00,1,1792,896,34384,2336,8,6,23,378.1,672,0,672,0,672,0,55,7,0,180000,1,1.00,0,0,448,,,CERTIFIED,79,378.1,112,,,WL1_ORIGINAL,false,OFF,448,GLOBAL,34384,
cfi-rigid-s2,graphs/cfi-rigid-s2/cfi-rigid-s2-0448-03-1,448,4676,WL_DIST,1,42,112,112,4,4.00,2,1792,896,34384,2336,8,6,19,378.1,672,0,672,0,672,0,48,3,0,180000,1,1.00,0,0,448,,,CERTIFIED,69,378.1,112,,,WL1_ORIGINAL,false,OFF,448,GLOBAL,34384,
cfi-rigid-s2,graphs/cfi-rigid-s2/cfi-rigid-s2-0448-03-2,448,4676,WL_DIST,1,42,112,112,4,4.00,2,1792,896,34384,2496,8,6,24,378.1,672,0,672,0,672,0,54,6,0,180000,1,1.00,0,0,448,,,CERTIFIED,80,378.1,112,,,WL1_ORIGINAL,false,OFF,448,GLOBAL,34384,
cfi-rigid-s2,graphs/cfi-rigid-s2/cfi-rigid-s2-0448-04-1,448,4676,WL_DIST,1,42,112,112,4,4.00,1,1792,896,34384,2496,8,6,19,378.1,672,0,672,0,672,0,49,4,0,180000,1,1.00,0,0,448,,,CERTIFIED,69,378.1,112,,,WL1_ORIGINAL,false,OFF,448,GLOBAL,34384,
cfi-rigid-s2,graphs/cfi-rigid-s2/cfi-rigid-s2-0448-04-2,448,4676,WL_DIST,1,42,112,112,4,4.00,1,1792,896,34384,2496,8,6,25,378.2,672,0,672,0,672,0,57,6,0,180000,1,1.00,0,0,448,,,CERTIFIED,83,378.8,112,,,WL1_ORIGINAL,false,OFF,448,GLOBAL,34384,
cfi-rigid-s2,graphs/cfi-rigid-s2/cfi-rigid-s2-0512-01-1,512,5348,WL_DIST,1,42,128,128,4,4.00,1,2048,1024,39376,2496,8,6,23,379.6,768,0,768,0,768,0,51,5,0,180000,1,1.00,0,0,512,,,CERTIFIED,75,380.0,128,,,WL1_ORIGINAL,false,OFF,512,GLOBAL,39376,
cfi-rigid-s2,graphs/cfi-rigid-s2/cfi-rigid-s2-0512-01-2,512,5348,WL_DIST,1,42,128,128,4,4.00,1,2048,1024,39376,2336,8,6,22,380.0,768,0,768,0,768,0,55,4,0,180000,1,1.00,0,0,512,,,CERTIFIED,78,380.0,128,,,WL1_ORIGINAL,false,OFF,512,GLOBAL,39376,
cfi-rigid-s2,graphs/cfi-rigid-s2/cfi-rigid-s2-0512-02-1,512,5360,WL_DIST,1,42,128,128,4,4.00,1,2048,1024,39616,2336,8,6,22,380.0,768,0,768,0,768,0,59,4,0,180000,1,1.00,0,0,512,,,CERTIFIED,82,380.0,128,,,WL1_ORIGINAL,false,OFF,512,GLOBAL,39616,
cfi-rigid-s2,graphs/cfi-rigid-s2/cfi-rigid-s2-0512-02-2,512,5360,WL_DIST,1,42,128,128,4,4.00,1,2048,1024,39616,2496,8,6,22,380.0,768,0,768,0,768,0,57,3,0,180000,1,1.00,0,0,512,,,CERTIFIED,80,380.0,128,,,WL1_ORIGINAL,false,OFF,512,GLOBAL,39616,
cfi-rigid-s2,graphs/cfi-rigid-s2/cfi-rigid-s2-0512-03-1,512,5360,WL_DIST,1,42,128,128,4,4.00,1,2048,1024,39616,2336,8,6,22,380.0,768,0,768,0,768,0,65,6,0,180000,1,1.00,0,0,512,,,CERTIFIED,88,380.0,128,,,WL1_ORIGINAL,false,OFF,512,GLOBAL,39616,
cfi-rigid-s2,graphs/cfi-rigid-s2/cfi-rigid-s2-0512-03-2,512,5360,WL_DIST,1,42,128,128,4,4.00,2,2048,1024,39616,2336,8,6,22,380.0,768,0,768,0,768,0,75,8,0,180000,1,1.00,0,0,512,,,CERTIFIED,99,380.7,128,,,WL1_ORIGINAL,false,OFF,512,GLOBAL,39616,
cfi-rigid-s2,graphs/cfi-rigid-s2/cfi-rigid-s2-0512-04-1,512,5324,WL_DIST,1,42,128,128,4,4.00,1,2048,1024,38896,2496,8,6,27,380.7,768,0,768,0,768,0,52,5,0,180000,1,1.00,0,0,512,,,CERTIFIED,80,380.7,128,,,WL1_ORIGINAL,false,OFF,512,GLOBAL,38896,
cfi-rigid-s2,graphs/cfi-rigid-s2/cfi-rigid-s2-0512-04-2,512,5324,WL_DIST,1,42,128,128,4,4.00,1,2048,1024,38896,2496,8,6,22,380.7,768,0,768,0,768,0,57,3,0,180000,1,1.00,0,0,512,,,CERTIFIED,80,380.7,128,,,WL1_ORIGINAL,false,OFF,512,GLOBAL,38896,
cfi-rigid-s2,graphs/cfi-rigid-s2/cfi-rigid-s2-0576-01-1,576,6016,WL_DIST,1,42,144,144,4,4.00,1,2304,1152,44288,2496,8,6,26,381.3,864,0,864,0,864,0,71,9,0,180000,1,1.00,0,0,576,,,CERTIFIED,98,381.4,144,,,WL1_ORIGINAL,false,OFF,576,GLOBAL,44288,
cfi-rigid-s2,graphs/cfi-rigid-s2/cfi-rigid-s2-0576-01-2,576,6016,WL_DIST,1,42,144,144,4,4.00,2,2304,1152,44288,2496,8,6,25,381.4,864,0,864,0,864,0,68,5,0,180000,1,1.00,0,0,576,,,CERTIFIED,95,381.4,144,,,WL1_ORIGINAL,false,OFF,576,GLOBAL,44288,
cfi-rigid-s2,graphs/cfi-rigid-s2/cfi-rigid-s2-0576-02-1,576,6028,WL_DIST,1,42,144,144,4,4.00,1,2304,1152,44528,2336,8,6,24,381.4,864,0,864,0,864,0,101,14,0,180000,1,1.00,0,0,576,,,CERTIFIED,126,382.2,144,,,WL1_ORIGINAL,false,OFF,576,GLOBAL,44528,
cfi-rigid-s2,graphs/cfi-rigid-s2/cfi-rigid-s2-0576-02-2,576,6028,WL_DIST,1,42,144,144,4,4.00,2,2304,1152,44528,2496,8,6,25,382.2,864,0,864,0,864,0,78,11,0,180000,1,1.00,0,0,576,,,CERTIFIED,105,382.2,144,,,WL1_ORIGINAL,false,OFF,576,GLOBAL,44528,
cfi-rigid-s2,graphs/cfi-rigid-s2/cfi-rigid-s2-0576-03-1,576,5996,WL_DIST,1,42,144,144,4,4.00,2,2304,1152,43888,2336,8,6,25,382.2,864,0,864,0,864,0,74,4,0,180000,1,1.00,0,0,576,,,CERTIFIED,101,382.2,144,,,WL1_ORIGINAL,false,OFF,576,GLOBAL,43888,
cfi-rigid-s2,graphs/cfi-rigid-s2/cfi-rigid-s2-0576-03-2,576,5996,WL_DIST,1,42,144,144,4,4.00,2,2304,1152,43888,2496,8,6,25,382.2,864,0,864,0,864,0,73,9,0,180000,1,1.00,0,0,576,,,CERTIFIED,100,382.2,144,,,WL1_ORIGINAL,false,OFF,576,GLOBAL,43888,
cfi-rigid-s2,graphs/cfi-rigid-s2/cfi-rigid-s2-0576-04-1,576,6024,WL_DIST,1,42,144,144,4,4.00,2,2304,1152,44448,2496,8,6,24,382.2,864,0,864,0,864,0,82,9,0,180000,1,1.00,0,0,576,,,CERTIFIED,108,388.2,144,,,WL1_ORIGINAL,false,OFF,576,GLOBAL,44448,
cfi-rigid-s2,graphs/cfi-rigid-s2/cfi-rigid-s2-0576-04-2,576,6024,WL_DIST,1,42,144,144,4,4.00,1,2304,1152,44448,2496,8,6,25,388.2,864,0,864,0,864,0,73,10,0,180000,1,1.00,0,0,576,,,CERTIFIED,99,388.3,144,,,WL1_ORIGINAL,false,OFF,576,GLOBAL,44448,
cfi-rigid-s2,graphs/cfi-rigid-s2/cfi-rigid-s2-0640-01-1,640,6696,WL_DIST,1,42,160,160,4,4.00,2,2560,1280,49440,2496,8,6,28,388.3,960,0,960,0,960,0,86,9,0,180000,1,1.00,0,0,640,,,CERTIFIED,116,394.8,160,,,WL1_ORIGINAL,false,OFF,640,GLOBAL,49440,
cfi-rigid-s2,graphs/cfi-rigid-s2/cfi-rigid-s2-0640-01-2,640,6696,WL_DIST,1,42,160,160,4,4.00,1,2560,1280,49440,2496,8,6,28,394.8,960,0,960,0,960,0,84,11,0,180000,1,1.00,0,0,640,,,CERTIFIED,113,394.9,160,,,WL1_ORIGINAL,false,OFF,640,GLOBAL,49440,
cfi-rigid-s2,graphs/cfi-rigid-s2/cfi-rigid-s2-0640-02-1,640,6684,WL_DIST,1,42,160,160,4,4.00,2,2560,1280,49200,2336,8,6,28,394.9,960,0,960,0,960,0,95,9,0,180000,1,1.00,0,0,640,,,CERTIFIED,125,394.9,160,,,WL1_ORIGINAL,false,OFF,640,GLOBAL,49200,
cfi-rigid-s2,graphs/cfi-rigid-s2/cfi-rigid-s2-0640-02-2,640,6684,WL_DIST,1,42,160,160,4,4.00,2,2560,1280,49200,2496,8,6,32,395.0,960,0,960,0,960,0,116,24,0,180000,1,1.00,0,0,640,,,CERTIFIED,150,396.7,160,,,WL1_ORIGINAL,false,OFF,640,GLOBAL,49200,
cfi-rigid-s2,graphs/cfi-rigid-s2/cfi-rigid-s2-0640-03-1,640,6700,WL_DIST,1,42,160,160,4,4.00,2,2560,1280,49520,2496,8,6,28,396.7,960,0,960,0,960,0,136,20,0,180000,1,1.00,0,0,640,,,CERTIFIED,166,405.3,160,,,WL1_ORIGINAL,false,OFF,640,GLOBAL,49520,
cfi-rigid-s2,graphs/cfi-rigid-s2/cfi-rigid-s2-0640-03-2,640,6700,WL_DIST,1,42,160,160,4,4.00,2,2560,1280,49520,2336,8,6,28,405.3,960,0,960,0,960,0,154,38,0,180000,1,1.00,0,0,640,,,CERTIFIED,184,405.7,160,,,WL1_ORIGINAL,false,OFF,640,GLOBAL,49520,
cfi-rigid-s2,graphs/cfi-rigid-s2/cfi-rigid-s2-0640-04-1,640,6700,WL_DIST,1,42,160,160,4,4.00,1,2560,1280,49520,2496,8,6,28,405.8,960,0,960,0,960,0,86,6,0,180000,1,1.00,0,0,640,,,CERTIFIED,115,405.8,160,,,WL1_ORIGINAL,false,OFF,640,GLOBAL,49520,
cfi-rigid-s2,graphs/cfi-rigid-s2/cfi-rigid-s2-0640-04-2,640,6700,WL_DIST,1,42,160,160,4,4.00,1,2560,1280,49520,2336,8,6,34,406.3,960,0,960,0,960,0,93,13,0,180000,1,1.00,0,0,640,,,CERTIFIED,128,406.4,160,,,WL1_ORIGINAL,false,OFF,640,GLOBAL,49520,
cfi-rigid-s2,graphs/cfi-rigid-s2/cfi-rigid-s2-0704-01-1,704,7356,WL_DIST,1,42,176,176,4,4.00,2,2816,1408,54192,2496,8,6,33,407.0,1056,0,1056,0,1056,0,124,17,0,180000,1,1.00,0,0,704,,,CERTIFIED,159,408.8,176,,,WL1_ORIGINAL,false,OFF,704,GLOBAL,54192,
cfi-rigid-s2,graphs/cfi-rigid-s2/cfi-rigid-s2-0704-01-2,704,7356,WL_DIST,1,42,176,176,4,4.00,1,2816,1408,54192,2496,8,6,32,408.8,1056,0,1056,0,1056,0,128,16,0,180000,1,1.00,0,0,704,,,CERTIFIED,161,408.9,176,,,WL1_ORIGINAL,false,OFF,704,GLOBAL,54192,
cfi-rigid-s2,graphs/cfi-rigid-s2/cfi-rigid-s2-0704-02-1,704,7356,WL_DIST,1,42,176,176,4,4.00,2,2816,1408,54192,2496,8,6,32,408.9,1056,0,1056,0,1056,0,136,20,0,180000,1,1.00,0,0,704,,,CERTIFIED,170,408.9,176,,,WL1_ORIGINAL,false,OFF,704,GLOBAL,54192,
cfi-rigid-s2,graphs/cfi-rigid-s2/cfi-rigid-s2-0704-02-2,704,7356,WL_DIST,1,42,176,176,4,4.00,1,2816,1408,54192,2496,8,6,31,408.9,1056,0,1056,0,1056,0,148,36,0,180000,1,1.00,0,0,704,,,CERTIFIED,180,409.0,176,,,WL1_ORIGINAL,false,OFF,704,GLOBAL,54192,
cfi-rigid-s2,graphs/cfi-rigid-s2/cfi-rigid-s2-0704-03-1,704,7352,WL_DIST,1,42,176,176,4,4.00,2,2816,1408,54112,2496,8,6,31,409.0,1056,0,1056,0,1056,0,135,42,0,180000,1,1.00,0,0,704,,,CERTIFIED,168,409.1,176,,,WL1_ORIGINAL,false,OFF,704,GLOBAL,54112,
cfi-rigid-s2,graphs/cfi-rigid-s2/cfi-rigid-s2-0704-03-2,704,7352,WL_DIST,1,42,176,176,4,4.00,2,2816,1408,54112,2496,8,6,31,409.1,1056,0,1056,0,1056,0,138,21,0,180000,1,1.00,0,0,704,,,CERTIFIED,171,409.1,176,,,WL1_ORIGINAL,false,OFF,704,GLOBAL,54112,
cfi-rigid-s2,graphs/cfi-rigid-s2/cfi-rigid-s2-0704-04-1,704,7372,WL_DIST,1,42,176,176,4,4.00,1,2816,1408,54512,2496,8,6,35,409.1,1056,0,1056,0,1056,0,112,12,0,180000,1,1.00,0,0,704,,,CERTIFIED,148,409.1,176,,,WL1_ORIGINAL,false,OFF,704,GLOBAL,54512,
cfi-rigid-s2,graphs/cfi-rigid-s2/cfi-rigid-s2-0704-04-2,704,7372,WL_DIST,1,42,176,176,4,4.00,1,2816,1408,54512,2496,8,6,35,409.1,1056,0,1056,0,1056,0,135,15,0,180000,1,1.00,0,0,704,,,CERTIFIED,171,409.1,176,,,WL1_ORIGINAL,false,OFF,704,GLOBAL,54512,
cfi-rigid-s2,graphs/cfi-rigid-s2/cfi-rigid-s2-0768-01-1,768,8028,WL_DIST,1,42,192,192,4,4.00,2,3072,1536,59184,2496,8,6,39,409.3,1152,0,1152,0,1152,0,157,22,0,180000,1,1.00,0,0,768,,,CERTIFIED,198,409.9,192,,,WL1_ORIGINAL,false,OFF,768,GLOBAL,59184,
cfi-rigid-s2,graphs/cfi-rigid-s2/cfi-rigid-s2-0768-01-2,768,8028,WL_DIST,1,42,192,192,4,4.00,2,3072,1536,59184,2496,8,6,38,409.9,1152,0,1152,0,1152,0,137,18,0,180000,1,1.00,0,0,768,,,CERTIFIED,177,409.9,192,,,WL1_ORIGINAL,false,OFF,768,GLOBAL,59184,
cfi-rigid-s2,graphs/cfi-rigid-s2/cfi-rigid-s2-0768-02-1,768,8032,WL_DIST,1,42,192,192,4,4.00,2,3072,1536,59264,2176,8,6,39,409.9,1152,0,1152,0,1152,0,143,18,0,180000,1,1.00,0,0,768,,,CERTIFIED,184,409.9,192,,,WL1_ORIGINAL,false,OFF,768,GLOBAL,59264,
cfi-rigid-s2,graphs/cfi-rigid-s2/cfi-rigid-s2-0768-02-2,768,8032,WL_DIST,1,42,192,192,4,4.00,2,3072,1536,59264,2496,8,6,38,409.9,1152,0,1152,0,1152,0,208,39,0,180000,1,1.00,0,0,768,,,CERTIFIED,248,412.1,192,,,WL1_ORIGINAL,false,OFF,768,GLOBAL,59264,
cfi-rigid-s2,graphs/cfi-rigid-s2/cfi-rigid-s2-0768-03-1,768,8044,WL_DIST,1,42,192,192,4,4.00,1,3072,1536,59504,2496,8,6,38,412.1,1152,0,1152,0,1152,0,145,31,0,180000,1,1.00,0,0,768,,,CERTIFIED,184,412.1,192,,,WL1_ORIGINAL,false,OFF,768,GLOBAL,59504,
cfi-rigid-s2,graphs/cfi-rigid-s2/cfi-rigid-s2-0768-03-2,768,8044,WL_DIST,1,42,192,192,4,4.00,2,3072,1536,59504,2336,8,6,39,412.1,1152,0,1152,0,1152,0,138,24,0,180000,1,1.00,0,0,768,,,CERTIFIED,179,412.1,192,,,WL1_ORIGINAL,false,OFF,768,GLOBAL,59504,
cfi-rigid-s2,graphs/cfi-rigid-s2/cfi-rigid-s2-0768-04-1,768,8028,WL_DIST,1,42,192,192,4,4.00,1,3072,1536,59184,2496,8,6,39,412.1,1152,0,1152,0,1152,0,107,12,0,180000,1,1.00,0,0,768,,,CERTIFIED,147,412.1,192,,,WL1_ORIGINAL,false,OFF,768,GLOBAL,59184,
cfi-rigid-s2,graphs/cfi-rigid-s2/cfi-rigid-s2-0768-04-2,768,8028,WL_DIST,1,42,192,192,4,4.00,2,3072,1536,59184,2496,8,6,38,412.2,1152,0,1152,0,1152,0,222,43,0,180000,1,1.00,0,0,768,,,CERTIFIED,262,412.3,192,,,WL1_ORIGINAL,false,OFF,768,GLOBAL,59184,
cfi-rigid-s2,graphs/cfi-rigid-s2/cfi-rigid-s2-0832-01-1,832,8712,WL_DIST,1,42,208,208,4,4.00,2,3328,1664,64416,2496,8,6,42,413.1,1248,0,1248,0,1248,0,204,32,0,180000,1,1.00,0,0,832,,,CERTIFIED,248,419.6,208,,,WL1_ORIGINAL,false,OFF,832,GLOBAL,64416,
cfi-rigid-s2,graphs/cfi-rigid-s2/cfi-rigid-s2-0832-01-2,832,8712,WL_DIST,1,42,208,208,4,4.00,2,3328,1664,64416,2336,8,6,43,419.6,1248,0,1248,0,1248,0,154,36,0,180000,1,1.00,0,0,832,,,CERTIFIED,199,419.6,208,,,WL1_ORIGINAL,false,OFF,832,GLOBAL,64416,
cfi-rigid-s2,graphs/cfi-rigid-s2/cfi-rigid-s2-0832-02-1,832,8708,WL_DIST,1,42,208,208,4,4.00,2,3328,1664,64336,2496,8,6,41,419.6,1248,0,1248,0,1248,0,186,36,0,180000,1,1.00,0,0,832,,,CERTIFIED,229,423.4,208,,,WL1_ORIGINAL,false,OFF,832,GLOBAL,64336,
cfi-rigid-s2,graphs/cfi-rigid-s2/cfi-rigid-s2-0832-02-2,832,8708,WL_DIST,1,42,208,208,4,4.00,2,3328,1664,64336,2496,8,6,39,423.4,1248,0,1248,0,1248,0,191,49,0,180000,1,1.00,0,0,832,,,CERTIFIED,232,423.6,208,,,WL1_ORIGINAL,false,OFF,832,GLOBAL,64336,
cfi-rigid-s2,graphs/cfi-rigid-s2/cfi-rigid-s2-0832-03-1,832,8704,WL_DIST,1,42,208,208,4,4.00,2,3328,1664,64256,2336,8,6,39,425.6,1248,0,1248,0,1248,0,219,49,0,180000,1,1.00,0,0,832,,,CERTIFIED,260,427.9,208,,,WL1_ORIGINAL,false,OFF,832,GLOBAL,64256,
cfi-rigid-s2,graphs/cfi-rigid-s2/cfi-rigid-s2-0832-03-2,832,8704,WL_DIST,1,42,208,208,4,4.00,1,3328,1664,64256,2496,8,6,38,427.9,1248,0,1248,0,1248,0,240,65,0,180000,1,1.00,0,0,832,,,CERTIFIED,279,428.0,208,,,WL1_ORIGINAL,false,OFF,832,GLOBAL,64256,
cfi-rigid-s2,graphs/cfi-rigid-s2/cfi-rigid-s2-0832-04-1,832,8688,WL_DIST,1,42,208,208,4,4.00,2,3328,1664,63936,2496,8,6,39,428.1,1248,0,1248,0,1248,0,202,39,0,180000,1,1.00,0,0,832,,,CERTIFIED,243,428.1,208,,,WL1_ORIGINAL,false,OFF,832,GLOBAL,63936,
cfi-rigid-s2,graphs/cfi-rigid-s2/cfi-rigid-s2-0832-04-2,832,8688,WL_DIST,1,42,208,208,4,4.00,2,3328,1664,63936,2336,8,6,38,428.1,1248,0,1248,0,1248,0,185,41,0,180000,1,1.00,0,0,832,,,CERTIFIED,225,428.1,208,,,WL1_ORIGINAL,false,OFF,832,GLOBAL,63936,
cfi-rigid-s2,graphs/cfi-rigid-s2/cfi-rigid-s2-0896-01-1,896,9384,WL_DIST,1,42,224,224,4,4.00,2,3584,1792,69408,2496,8,6,42,428.7,1344,0,1344,0,1344,0,414,81,0,180000,1,1.00,0,0,896,,,CERTIFIED,458,432.6,224,,,WL1_ORIGINAL,false,OFF,896,GLOBAL,69408,
cfi-rigid-s2,graphs/cfi-rigid-s2/cfi-rigid-s2-0896-01-2,896,9384,WL_DIST,1,42,224,224,4,4.00,2,3584,1792,69408,2496,8,6,47,432.6,1344,0,1344,0,1344,0,185,30,0,180000,1,1.00,0,0,896,,,CERTIFIED,234,432.6,224,,,WL1_ORIGINAL,false,OFF,896,GLOBAL,69408,
cfi-rigid-s2,graphs/cfi-rigid-s2/cfi-rigid-s2-0896-02-1,896,9380,WL_DIST,1,42,224,224,4,4.00,2,3584,1792,69328,2496,8,6,41,432.6,1344,0,1344,0,1344,0,255,81,0,180000,1,1.00,0,0,896,,,CERTIFIED,298,433.3,224,,,WL1_ORIGINAL,false,OFF,896,GLOBAL,69328,
cfi-rigid-s2,graphs/cfi-rigid-s2/cfi-rigid-s2-0896-02-2,896,9380,WL_DIST,1,42,224,224,4,4.00,1,3584,1792,69328,2496,8,6,41,440.8,1344,0,1344,0,1344,0,256,69,0,180000,1,1.00,0,0,896,,,CERTIFIED,298,441.3,224,,,WL1_ORIGINAL,false,OFF,896,GLOBAL,69328,
cfi-rigid-s2,graphs/cfi-rigid-s2/cfi-rigid-s2-0896-03-1,896,9384,WL_DIST,1,42,224,224,4,4.00,1,3584,1792,69408,2496,8,6,41,441.3,1344,0,1344,0,1344,0,390,68,0,180000,1,1.00,0,0,896,,,CERTIFIED,432,441.3,224,,,WL1_ORIGINAL,false,OFF,896,GLOBAL,69408,
cfi-rigid-s2,graphs/cfi-rigid-s2/cfi-rigid-s2-0896-03-2,896,9384,WL_DIST,1,42,224,224,4,4.00,1,3584,1792,69408,2496,8,6,47,441.3,1344,0,1344,0,1344,0,301,82,0,180000,1,1.00,0,0,896,,,CERTIFIED,349,441.3,224,,,WL1_ORIGINAL,false,OFF,896,GLOBAL,69408,
cfi-rigid-s2,graphs/cfi-rigid-s2/cfi-rigid-s2-0896-04-1,896,9392,WL_DIST,1,42,224,224,4,4.00,2,3584,1792,69568,2496,8,6,45,441.3,1344,0,1344,0,1344,0,242,76,0,180000,1,1.00,0,0,896,,,CERTIFIED,289,448.9,224,,,WL1_ORIGINAL,false,OFF,896,GLOBAL,69568,
cfi-rigid-s2,graphs/cfi-rigid-s2/cfi-rigid-s2-0896-04-2,896,9392,WL_DIST,1,42,224,224,4,4.00,2,3584,1792,69568,2496,8,6,41,455.6,1344,0,1344,0,1344,0,297,86,0,180000,1,1.00,0,0,896,,,CERTIFIED,340,456.0,224,,,WL1_ORIGINAL,false,OFF,896,GLOBAL,69568,
cfi-rigid-s2,graphs/cfi-rigid-s2/cfi-rigid-s2-0960-01-1,960,10056,WL_DIST,1,42,240,240,4,4.00,2,3840,1920,74400,2496,8,6,45,456.5,1440,0,1440,0,1440,0,697,335,0,180000,1,1.00,0,0,960,,,CERTIFIED,744,457.6,240,,,WL1_ORIGINAL,false,OFF,960,GLOBAL,74400,
cfi-rigid-s2,graphs/cfi-rigid-s2/cfi-rigid-s2-0960-01-2,960,10056,WL_DIST,1,42,240,240,4,4.00,2,3840,1920,74400,2496,8,6,51,457.6,1440,0,1440,0,1440,0,512,101,0,180000,1,1.00,0,0,960,,,CERTIFIED,565,457.6,240,,,WL1_ORIGINAL,false,OFF,960,GLOBAL,74400,
cfi-rigid-s2,graphs/cfi-rigid-s2/cfi-rigid-s2-0960-02-1,960,10072,WL_DIST,1,42,240,240,4,4.00,2,3840,1920,74720,2496,8,6,46,457.7,1440,0,1440,0,1440,0,429,105,0,180000,1,1.00,0,0,960,,,CERTIFIED,477,457.7,240,,,WL1_ORIGINAL,false,OFF,960,GLOBAL,74720,
cfi-rigid-s2,graphs/cfi-rigid-s2/cfi-rigid-s2-0960-02-2,960,10072,WL_DIST,1,42,240,240,4,4.00,2,3840,1920,74720,2496,8,6,46,457.7,1440,0,1440,0,1440,0,396,141,0,180000,1,1.00,0,0,960,,,CERTIFIED,444,457.7,240,,,WL1_ORIGINAL,false,OFF,960,GLOBAL,74720,
cfi-rigid-s2,graphs/cfi-rigid-s2/cfi-rigid-s2-0960-03-1,960,10036,WL_DIST,1,42,240,240,4,4.00,2,3840,1920,74000,2496,8,6,51,457.7,1440,0,1440,0,1440,0,288,56,0,180000,1,1.00,0,0,960,,,CERTIFIED,341,457.7,240,,,WL1_ORIGINAL,false,OFF,960,GLOBAL,74000,
cfi-rigid-s2,graphs/cfi-rigid-s2/cfi-rigid-s2-0960-03-2,960,10036,WL_DIST,1,42,240,240,4,4.00,2,3840,1920,74000,2496,8,6,45,457.7,1440,0,1440,0,1440,0,241,50,0,180000,1,1.00,0,0,960,,,CERTIFIED,288,457.7,240,,,WL1_ORIGINAL,false,OFF,960,GLOBAL,74000,
cfi-rigid-s2,graphs/cfi-rigid-s2/cfi-rigid-s2-0960-04-1,960,10060,WL_DIST,1,42,240,240,4,4.00,2,3840,1920,74480,2496,8,6,44,457.7,1440,0,1440,0,1440,0,414,115,0,180000,1,1.00,0,0,960,,,CERTIFIED,460,457.7,240,,,WL1_ORIGINAL,false,OFF,960,GLOBAL,74480,
cfi-rigid-s2,graphs/cfi-rigid-s2/cfi-rigid-s2-0960-04-2,960,10060,WL_DIST,1,42,240,240,4,4.00,2,3840,1920,74480,2496,8,6,50,457.7,1440,0,1440,0,1440,0,268,84,0,180000,1,1.00,0,0,960,,,CERTIFIED,320,457.7,240,,,WL1_ORIGINAL,false,OFF,960,GLOBAL,74480,
cfi-rigid-s2,graphs/cfi-rigid-s2/cfi-rigid-s2-1024-01-1,1024,10744,WL_DIST,1,42,256,256,4,4.00,2,4096,2048,79712,2496,8,6,51,458.9,1536,0,1536,0,1536,0,446,83,0,180000,1,1.00,0,0,1024,,,CERTIFIED,499,458.9,256,,,WL1_ORIGINAL,false,OFF,1024,GLOBAL,79712,
cfi-rigid-s2,graphs/cfi-rigid-s2/cfi-rigid-s2-1024-01-2,1024,10744,WL_DIST,1,42,256,256,4,4.00,2,4096,2048,79712,2496,8,6,56,458.9,1536,0,1536,0,1536,0,465,102,0,180000,1,1.00,0,0,1024,,,CERTIFIED,523,458.9,256,,,WL1_ORIGINAL,false,OFF,1024,GLOBAL,79712,
cfi-rigid-s2,graphs/cfi-rigid-s2/cfi-rigid-s2-1024-02-1,1024,10720,WL_DIST,1,42,256,256,4,4.00,1,4096,2048,79232,2496,8,6,39,458.9,1536,0,1536,0,1536,0,240,38,0,180000,1,1.00,0,0,1024,,,CERTIFIED,280,458.9,256,,,WL1_ORIGINAL,false,OFF,1024,GLOBAL,79232,
cfi-rigid-s2,graphs/cfi-rigid-s2/cfi-rigid-s2-1024-02-2,1024,10720,WL_DIST,1,42,256,256,4,4.00,1,4096,2048,79232,2336,8,6,43,458.9,1536,0,1536,0,1536,0,335,68,0,180000,1,1.00,0,0,1024,,,CERTIFIED,379,458.9,256,,,WL1_ORIGINAL,false,OFF,1024,GLOBAL,79232,
cfi-rigid-s2,graphs/cfi-rigid-s2/cfi-rigid-s2-1024-03-1,1024,10724,WL_DIST,1,42,256,256,4,4.00,2,4096,2048,79312,2496,8,6,40,458.9,1536,0,1536,0,1536,0,456,155,0,180000,1,1.00,0,0,1024,,,CERTIFIED,498,458.9,256,,,WL1_ORIGINAL,false,OFF,1024,GLOBAL,79312,
cfi-rigid-s2,graphs/cfi-rigid-s2/cfi-rigid-s2-1024-03-2,1024,10724,WL_DIST,1,42,256,256,4,4.00,2,4096,2048,79312,2336,8,6,44,458.9,1536,0,1536,0,1536,0,413,99,0,180000,1,1.00,0,0,1024,,,CERTIFIED,459,458.9,256,,,WL1_ORIGINAL,false,OFF,1024,GLOBAL,79312,
cfi-rigid-s2,graphs/cfi-rigid-s2/cfi-rigid-s2-1024-04-1,1024,10728,WL_DIST,1,42,256,256,4,4.00,1,4096,2048,79392,2496,8,6,40,458.9,1536,0,1536,0,1536,0,246,59,0,180000,1,1.00,0,0,1024,,,CERTIFIED,287,458.9,256,,,WL1_ORIGINAL,false,OFF,1024,GLOBAL,79392,
cfi-rigid-s2,graphs/cfi-rigid-s2/cfi-rigid-s2-1024-04-2,1024,10728,WL_DIST,1,42,256,256,4,4.00,1,4096,2048,79392,2496,8,6,46,472.1,1536,0,1536,0,1536,0,160,36,0,180000,1,1.00,0,0,1024,,,CERTIFIED,207,519.1,256,,,WL1_ORIGINAL,false,OFF,1024,GLOBAL,79392,
cfi-rigid-s2,graphs/cfi-rigid-s2/cfi-rigid-s2-1088-01-1,1088,11400,WL_DIST,1,42,272,272,4,4.00,2,4352,2176,84384,2496,8,6,47,519.9,1632,0,1632,0,1632,0,870,356,0,180000,1,1.00,0,0,1088,,,CERTIFIED,919,541.2,272,,,WL1_ORIGINAL,false,OFF,1088,GLOBAL,84384,
cfi-rigid-s2,graphs/cfi-rigid-s2/cfi-rigid-s2-1088-01-2,1088,11400,WL_DIST,1,42,272,272,4,4.00,2,4352,2176,84384,2496,8,6,42,541.2,1632,0,1632,0,1632,0,821,208,0,180000,1,1.00,0,0,1088,,,CERTIFIED,865,541.5,272,,,WL1_ORIGINAL,false,OFF,1088,GLOBAL,84384,
cfi-rigid-s2,graphs/cfi-rigid-s2/cfi-rigid-s2-1088-02-1,1088,11388,WL_DIST,1,42,272,272,4,4.00,2,4352,2176,84144,2496,8,6,47,541.5,1632,0,1632,0,1632,0,466,117,0,180000,1,1.00,0,0,1088,,,CERTIFIED,515,541.5,272,,,WL1_ORIGINAL,false,OFF,1088,GLOBAL,84144,
cfi-rigid-s2,graphs/cfi-rigid-s2/cfi-rigid-s2-1088-02-2,1088,11388,WL_DIST,1,42,272,272,4,4.00,1,4352,2176,84144,2496,8,6,47,541.5,1632,0,1632,0,1632,0,246,50,0,180000,1,1.00,0,0,1088,,,CERTIFIED,294,541.5,272,,,WL1_ORIGINAL,false,OFF,1088,GLOBAL,84144,
cfi-rigid-s2,graphs/cfi-rigid-s2/cfi-rigid-s2-1088-03-1,1088,11380,WL_DIST,1,42,272,272,4,4.00,2,4352,2176,83984,2496,8,6,44,541.5,1632,0,1632,0,1632,0,906,279,0,180000,1,1.00,0,0,1088,,,CERTIFIED,952,541.5,272,,,WL1_ORIGINAL,false,OFF,1088,GLOBAL,83984,
cfi-rigid-s2,graphs/cfi-rigid-s2/cfi-rigid-s2-1088-03-2,1088,11380,WL_DIST,1,42,272,272,4,4.00,2,4352,2176,83984,2336,8,6,48,541.5,1632,0,1632,0,1632,0,753,210,0,180000,1,1.00,0,0,1088,,,CERTIFIED,803,555.9,272,,,WL1_ORIGINAL,false,OFF,1088,GLOBAL,83984,
cfi-rigid-s2,graphs/cfi-rigid-s2/cfi-rigid-s2-1088-04-1,1088,11396,WL_DIST,1,42,272,272,4,4.00,2,4352,2176,84304,2496,8,6,46,555.9,1632,0,1632,0,1632,0,549,151,0,180000,1,1.00,0,0,1088,,,CERTIFIED,597,556.1,272,,,WL1_ORIGINAL,false,OFF,1088,GLOBAL,84304,
cfi-rigid-s2,graphs/cfi-rigid-s2/cfi-rigid-s2-1088-04-2,1088,11396,WL_DIST,1,42,272,272,4,4.00,1,4352,2176,84304,2496,8,6,42,556.1,1632,0,1632,0,1632,0,677,204,0,180000,1,1.00,0,0,1088,,,CERTIFIED,720,558.2,272,,,WL1_ORIGINAL,false,OFF,1088,GLOBAL,84304,
cfi-rigid-s2,graphs/cfi-rigid-s2/cfi-rigid-s2-1152-01-1,1152,12076,WL_DIST,1,42,288,288,4,4.00,2,4608,2304,89456,2496,8,6,49,558.7,1728,0,1728,0,1728,0,774,299,0,180000,1,1.00,0,0,1152,,,CERTIFIED,825,560.2,288,,,WL1_ORIGINAL,false,OFF,1152,GLOBAL,89456,
cfi-rigid-s2,graphs/cfi-rigid-s2/cfi-rigid-s2-1152-01-2,1152,12076,WL_DIST,1,42,288,288,4,4.00,2,4608,2304,89456,2496,8,6,45,560.2,1728,0,1728,0,1728,0,1124,352,0,180000,1,1.00,0,0,1152,,,CERTIFIED,1171,560.3,288,,,WL1_ORIGINAL,false,OFF,1152,GLOBAL,89456,
cfi-rigid-s2,graphs/cfi-rigid-s2/cfi-rigid-s2-1152-02-1,1152,12036,WL_DIST,1,42,288,288,4,4.00,2,4608,2304,88656,2496,8,6,46,560.3,1728,0,1728,0,1728,0,640,261,0,180000,1,1.00,0,0,1152,,,CERTIFIED,688,560.3,288,,,WL1_ORIGINAL,false,OFF,1152,GLOBAL,88656,
cfi-rigid-s2,graphs/cfi-rigid-s2/cfi-rigid-s2-1152-02-2,1152,12036,WL_DIST,1,42,288,288,4,4.00,2,4608,2304,88656,2496,8,6,51,560.3,1728,0,1728,0,1728,0,573,146,0,180000,1,1.00,0,0,1152,,,CERTIFIED,626,568.9,288,,,WL1_ORIGINAL,false,OFF,1152,GLOBAL,88656,
cfi-rigid-s2,graphs/cfi-rigid-s2/cfi-rigid-s2-1152-03-1,1152,12068,WL_DIST,1,42,288,288,4,4.00,2,4608,2304,89296,2496,8,6,45,568.9,1728,0,1728,0,1728,0,809,230,0,180000,1,1.00,0,0,1152,,,CERTIFIED,856,570.8,288,,,WL1_ORIGINAL,false,OFF,1152,GLOBAL,89296,
cfi-rigid-s2,graphs/cfi-rigid-s2/cfi-rigid-s2-1152-03-2,1152,12068,WL_DIST,1,42,288,288,4,4.00,2,4608,2304,89296,2496,8,6,49,570.8,1728,0,1728,0,1728,0,574,182,0,180000,1,1.00,0,0,1152,,,CERTIFIED,625,573.1,288,,,WL1_ORIGINAL,false,OFF,1152,GLOBAL,89296,
cfi-rigid-s2,graphs/cfi-rigid-s2/cfi-rigid-s2-1152-04-1,1152,12068,WL_DIST,1,42,288,288,4,4.00,2,4608,2304,89296,2336,8,6,45,573.1,1728,0,1728,0,1728,0,1231,342,0,180000,1,1.00,0,0,1152,,,CERTIFIED,1278,573.1,288,,,WL1_ORIGINAL,false,OFF,1152,GLOBAL,89296,
cfi-rigid-s2,graphs/cfi-rigid-s2/cfi-rigid-s2-1152-04-2,1152,12068,WL_DIST,1,42,288,288,4,4.00,1,4608,2304,89296,2496,8,6,49,573.1,1728,0,1728,0,1728,0,502,150,0,180000,1,1.00,0,0,1152,,,CERTIFIED,552,573.1,288,,,WL1_ORIGINAL,false,OFF,1152,GLOBAL,89296,
cfi-rigid-s2,graphs/cfi-rigid-s2/cfi-rigid-s2-1216-01-1,1216,12752,WL_DIST,1,42,304,304,4,4.00,2,4864,2432,94528,2496,8,6,49,573.6,1824,0,1824,0,1824,0,650,193,0,180000,1,1.00,0,0,1216,,,CERTIFIED,701,577.3,304,,,WL1_ORIGINAL,false,OFF,1216,GLOBAL,94528,
cfi-rigid-s2,graphs/cfi-rigid-s2/cfi-rigid-s2-1216-01-2,1216,12752,WL_DIST,1,42,304,304,4,4.00,2,4864,2432,94528,2496,8,6,54,577.3,1824,0,1824,0,1824,0,486,162,0,180000,1,1.00,0,0,1216,,,CERTIFIED,542,577.3,304,,,WL1_ORIGINAL,false,OFF,1216,GLOBAL,94528,
cfi-rigid-s2,graphs/cfi-rigid-s2/cfi-rigid-s2-1216-02-1,1216,12752,WL_DIST,1,42,304,304,4,4.00,2,4864,2432,94528,2496,8,6,48,577.3,1824,0,1824,0,1824,0,577,113,0,180000,1,1.00,0,0,1216,,,CERTIFIED,627,577.3,304,,,WL1_ORIGINAL,false,OFF,1216,GLOBAL,94528,
cfi-rigid-s2,graphs/cfi-rigid-s2/cfi-rigid-s2-1216-02-2,1216,12752,WL_DIST,1,42,304,304,4,4.00,2,4864,2432,94528,2336,8,6,52,577.3,1824,0,1824,0,1824,0,713,298,0,180000,1,1.00,0,0,1216,,,CERTIFIED,767,577.3,304,,,WL1_ORIGINAL,false,OFF,1216,GLOBAL,94528,
cfi-rigid-s2,graphs/cfi-rigid-s2/cfi-rigid-s2-1216-03-1,1216,12744,WL_DIST,1,42,304,304,4,4.00,1,4864,2432,94368,2496,8,6,49,577.3,1824,0,1824,0,1824,0,812,312,0,180000,1,1.00,0,0,1216,,,CERTIFIED,862,577.3,304,,,WL1_ORIGINAL,false,OFF,1216,GLOBAL,94368,
cfi-rigid-s2,graphs/cfi-rigid-s2/cfi-rigid-s2-1216-03-2,1216,12744,WL_DIST,1,42,304,304,4,4.00,2,4864,2432,94368,2496,8,6,48,577.3,1824,0,1824,0,1824,0,1135,354,0,180000,1,1.00,0,0,1216,,,CERTIFIED,1185,577.3,304,,,WL1_ORIGINAL,false,OFF,1216,GLOBAL,94368,
cfi-rigid-s2,graphs/cfi-rigid-s2/cfi-rigid-s2-1216-04-1,1216,12736,WL_DIST,1,42,304,304,4,4.00,1,4864,2432,94208,2496,8,6,54,577.3,1824,0,1824,0,1824,0,750,355,0,180000,1,1.00,0,0,1216,,,CERTIFIED,805,577.3,304,,,WL1_ORIGINAL,false,OFF,1216,GLOBAL,94208,
cfi-rigid-s2,graphs/cfi-rigid-s2/cfi-rigid-s2-1216-04-2,1216,12736,WL_DIST,1,42,304,304,4,4.00,2,4864,2432,94208,2336,8,6,49,577.3,1824,0,1824,0,1824,0,468,122,0,180000,1,1.00,0,0,1216,,,CERTIFIED,519,577.3,304,,,WL1_ORIGINAL,false,OFF,1216,GLOBAL,94208,
cfi-rigid-s2,graphs/cfi-rigid-s2/cfi-rigid-s2-1280-01-1,1280,13424,WL_DIST,1,42,320,320,4,4.00,2,5120,2560,99520,2496,8,6,55,577.9,1920,0,1920,0,1920,0,669,169,0,180000,1,1.00,0,0,1280,,,CERTIFIED,726,579.2,320,,,WL1_ORIGINAL,false,OFF,1280,GLOBAL,99520,
cfi-rigid-s2,graphs/cfi-rigid-s2/cfi-rigid-s2-1280-01-2,1280,13424,WL_DIST,1,42,320,320,4,4.00,2,5120,2560,99520,2496,8,6,55,579.2,1920,0,1920,0,1920,0,1530,432,0,180000,1,1.00,0,0,1280,,,CERTIFIED,1587,579.2,320,,,WL1_ORIGINAL,false,OFF,1280,GLOBAL,99520,
cfi-rigid-s2,graphs/cfi-rigid-s2/cfi-rigid-s2-1280-02-1,1280,13388,WL_DIST,1,42,320,320,4,4.00,2,5120,2560,98800,2496,8,6,52,579.2,1920,0,1920,0,1920,0,490,259,0,180000,1,1.00,0,0,1280,,,CERTIFIED,544,579.2,320,,,WL1_ORIGINAL,false,OFF,1280,GLOBAL,98800,
cfi-rigid-s2,graphs/cfi-rigid-s2/cfi-rigid-s2-1280-02-2,1280,13388,WL_DIST,1,42,320,320,4,4.00,1,5120,2560,98800,2496,8,6,55,579.2,1920,0,1920,0,1920,0,774,235,0,180000,1,1.00,0,0,1280,,,CERTIFIED,830,579.2,320,,,WL1_ORIGINAL,false,OFF,1280,GLOBAL,98800,
cfi-rigid-s2,graphs/cfi-rigid-s2/cfi-rigid-s2-1280-03-1,1280,13416,WL_DIST,1,42,320,320,4,4.00,2,5120,2560,99360,2496,8,6,70,579.2,1920,0,1920,0,1920,0,1708,635,0,180000,1,1.00,0,0,1280,,,CERTIFIED,1780,579.2,320,,,WL1_ORIGINAL,false,OFF,1280,GLOBAL,99360,
cfi-rigid-s2,graphs/cfi-rigid-s2/cfi-rigid-s2-1280-03-2,1280,13416,WL_DIST,1,42,320,320,4,4.00,2,5120,2560,99360,2496,8,6,66,579.2,1920,0,1920,0,1920,0,707,218,0,180000,1,1.00,0,0,1280,,,CERTIFIED,775,579.2,320,,,WL1_ORIGINAL,false,OFF,1280,GLOBAL,99360,
cfi-rigid-s2,graphs/cfi-rigid-s2/cfi-rigid-s2-1280-04-1,1280,13420,WL_DIST,1,42,320,320,4,4.00,3,5120,2560,99440,2496,8,6,71,579.3,1920,0,1920,0,1920,0,964,290,0,180000,1,1.00,0,0,1280,,,CERTIFIED,1038,579.3,320,,,WL1_ORIGINAL,false,OFF,1280,GLOBAL,99440,
cfi-rigid-s2,graphs/cfi-rigid-s2/cfi-rigid-s2-1280-04-2,1280,13420,WL_DIST,1,42,320,320,4,4.00,3,5120,2560,99440,2496,8,6,67,579.3,1920,0,1920,0,1920,0,1187,312,0,180000,1,1.00,0,0,1280,,,CERTIFIED,1257,579.3,320,,,WL1_ORIGINAL,false,OFF,1280,GLOBAL,99440,
cfi-rigid-s2,graphs/cfi-rigid-s2/cfi-rigid-s2-1344-01-1,1344,14072,WL_DIST,1,42,336,336,4,4.00,2,5376,2688,104032,2496,8,6,71,579.8,2016,0,2016,0,2016,0,872,284,0,180000,1,1.00,0,0,1344,,,CERTIFIED,945,579.8,336,,,WL1_ORIGINAL,false,OFF,1344,GLOBAL,104032,
cfi-rigid-s2,graphs/cfi-rigid-s2/cfi-rigid-s2-1344-01-2,1344,14072,WL_DIST,1,42,336,336,4,4.00,3,5376,2688,104032,2496,8,6,70,579.8,2016,0,2016,0,2016,0,1515,422,0,180000,1,1.00,0,0,1344,,,CERTIFIED,1588,579.8,336,,,WL1_ORIGINAL,false,OFF,1344,GLOBAL,104032,
cfi-rigid-s2,graphs/cfi-rigid-s2/cfi-rigid-s2-1344-02-1,1344,14056,WL_DIST,1,42,336,336,4,4.00,2,5376,2688,103712,2336,8,6,75,579.8,2016,0,2016,0,2016,0,1286,388,0,180000,1,1.00,0,0,1344,,,CERTIFIED,1363,582.5,336,,,WL1_ORIGINAL,false,OFF,1344,GLOBAL,103712,
cfi-rigid-s2,graphs/cfi-rigid-s2/cfi-rigid-s2-1344-02-2,1344,14056,WL_DIST,1,42,336,336,4,4.00,3,5376,2688,103712,2496,8,6,76,582.5,2016,0,2016,0,2016,0,922,417,0,180000,1,1.00,0,0,1344,,,CERTIFIED,1001,582.5,336,,,WL1_ORIGINAL,false,OFF,1344,GLOBAL,103712,
cfi-rigid-s2,graphs/cfi-rigid-s2/cfi-rigid-s2-1344-03-1,1344,14080,WL_DIST,1,42,336,336,4,4.00,2,5376,2688,104192,2496,8,6,77,582.5,2016,0,2016,0,2016,0,1937,668,0,180000,1,1.00,0,0,1344,,,CERTIFIED,2016,582.5,336,,,WL1_ORIGINAL,false,OFF,1344,GLOBAL,104192,
cfi-rigid-s2,graphs/cfi-rigid-s2/cfi-rigid-s2-1344-03-2,1344,14080,WL_DIST,1,42,336,336,4,4.00,2,5376,2688,104192,2496,8,6,70,582.5,2016,0,2016,0,2016,0,2166,622,0,180000,1,1.00,0,0,1344,,,CERTIFIED,2238,582.5,336,,,WL1_ORIGINAL,false,OFF,1344,GLOBAL,104192,
cfi-rigid-s2,graphs/cfi-rigid-s2/cfi-rigid-s2-1344-04-1,1344,14084,WL_DIST,1,42,336,336,4,4.00,2,5376,2688,104272,2496,8,6,55,582.5,2016,0,2016,0,2016,0,1281,481,0,180000,1,1.00,0,0,1344,,,CERTIFIED,1338,582.5,336,,,WL1_ORIGINAL,false,OFF,1344,GLOBAL,104272,
cfi-rigid-s2,graphs/cfi-rigid-s2/cfi-rigid-s2-1344-04-2,1344,14084,WL_DIST,1,42,336,336,4,4.00,2,5376,2688,104272,2496,8,6,60,582.5,2016,0,2016,0,2016,0,638,300,0,180000,1,1.00,0,0,1344,,,CERTIFIED,700,582.5,336,,,WL1_ORIGINAL,false,OFF,1344,GLOBAL,104272,
cfi-rigid-s2,graphs/cfi-rigid-s2/cfi-rigid-s2-1408-01-1,1408,14748,WL_DIST,1,42,352,352,4,4.00,2,5632,2816,109104,2496,8,6,63,584.0,2112,0,2112,0,2112,0,2258,713,0,180000,1,1.00,0,0,1408,,,CERTIFIED,2323,584.0,352,,,WL1_ORIGINAL,false,OFF,1408,GLOBAL,109104,
cfi-rigid-s2,graphs/cfi-rigid-s2/cfi-rigid-s2-1408-01-2,1408,14748,WL_DIST,1,42,352,352,4,4.00,2,5632,2816,109104,2496,8,6,63,584.0,2112,0,2112,0,2112,0,1847,591,0,180000,1,1.00,0,0,1408,,,CERTIFIED,1912,584.0,352,,,WL1_ORIGINAL,false,OFF,1408,GLOBAL,109104,
cfi-rigid-s2,graphs/cfi-rigid-s2/cfi-rigid-s2-1408-02-1,1408,14748,WL_DIST,1,42,352,352,4,4.00,2,5632,2816,109104,2496,8,6,62,584.0,2112,0,2112,0,2112,0,909,431,0,180000,1,1.00,0,0,1408,,,CERTIFIED,973,584.0,352,,,WL1_ORIGINAL,false,OFF,1408,GLOBAL,109104,
cfi-rigid-s2,graphs/cfi-rigid-s2/cfi-rigid-s2-1408-02-2,1408,14748,WL_DIST,1,42,352,352,4,4.00,2,5632,2816,109104,2496,8,6,62,584.0,2112,0,2112,0,2112,0,875,286,0,180000,1,1.00,0,0,1408,,,CERTIFIED,939,584.1,352,,,WL1_ORIGINAL,false,OFF,1408,GLOBAL,109104,
cfi-rigid-s2,graphs/cfi-rigid-s2/cfi-rigid-s2-1408-03-1,1408,14732,WL_DIST,1,42,352,352,4,4.00,2,5632,2816,108784,2496,8,6,72,645.2,2112,0,2112,0,2112,0,1305,388,0,180000,1,1.00,0,0,1408,,,CERTIFIED,1379,645.5,352,,,WL1_ORIGINAL,false,OFF,1408,GLOBAL,108784,
cfi-rigid-s2,graphs/cfi-rigid-s2/cfi-rigid-s2-1408-03-2,1408,14732,WL_DIST,1,42,352,352,4,4.00,2,5632,2816,108784,2496,8,6,58,645.5,2112,0,2112,0,2112,0,2045,667,0,180000,1,1.00,0,0,1408,,,CERTIFIED,2105,652.7,352,,,WL1_ORIGINAL,false,OFF,1408,GLOBAL,108784,
cfi-rigid-s2,graphs/cfi-rigid-s2/cfi-rigid-s2-1408-04-1,1408,14732,WL_DIST,1,42,352,352,4,4.00,2,5632,2816,108784,2496,8,6,58,652.7,2112,0,2112,0,2112,0,1791,568,0,180000,1,1.00,0,0,1408,,,CERTIFIED,1851,654.8,352,,,WL1_ORIGINAL,false,OFF,1408,GLOBAL,108784,
cfi-rigid-s2,graphs/cfi-rigid-s2/cfi-rigid-s2-1408-04-2,1408,14732,WL_DIST,1,42,352,352,4,4.00,2,5632,2816,108784,2496,8,6,61,654.8,2112,0,2112,0,2112,0,1686,622,0,180000,1,1.00,0,0,1408,,,CERTIFIED,1749,654.8,352,,,WL1_ORIGINAL,false,OFF,1408,GLOBAL,108784,
cfi-rigid-s2,graphs/cfi-rigid-s2/cfi-rigid-s2-1472-01-1,1472,15424,WL_DIST,1,42,368,368,4,4.00,2,5888,2944,114176,2496,8,6,59,655.0,2208,0,2208,0,2208,0,2805,1006,0,180000,1,1.00,0,0,1472,,,CERTIFIED,2866,655.8,368,,,WL1_ORIGINAL,false,OFF,1472,GLOBAL,114176,
cfi-rigid-s2,graphs/cfi-rigid-s2/cfi-rigid-s2-1472-01-2,1472,15424,WL_DIST,1,42,368,368,4,4.00,2,5888,2944,114176,2336,8,6,61,655.8,2208,0,2208,0,2208,0,2369,665,0,180000,1,1.00,0,0,1472,,,CERTIFIED,2432,655.8,368,,,WL1_ORIGINAL,false,OFF,1472,GLOBAL,114176,
cfi-rigid-s2,graphs/cfi-rigid-s2/cfi-rigid-s2-1472-02-1,1472,15428,WL_DIST,1,42,368,368,4,4.00,2,5888,2944,114256,2496,8,6,65,655.8,2208,0,2208,0,2208,0,653,181,0,180000,1,1.00,0,0,1472,,,CERTIFIED,720,655.9,368,,,WL1_ORIGINAL,false,OFF,1472,GLOBAL,114256,
cfi-rigid-s2,graphs/cfi-rigid-s2/cfi-rigid-s2-1472-02-2,1472,15428,WL_DIST,1,42,368,368,4,4.00,2,5888,2944,114256,2496,8,6,66,655.9,2208,0,2208,0,2208,0,1003,440,0,180000,1,1.00,0,0,1472,,,CERTIFIED,1071,655.9,368,,,WL1_ORIGINAL,false,OFF,1472,GLOBAL,114256,
cfi-rigid-s2,graphs/cfi-rigid-s2/cfi-rigid-s2-1472-03-1,1472,15420,WL_DIST,1,42,368,368,4,4.00,2,5888,2944,114096,2496,8,6,67,655.9,2208,0,2208,0,2208,0,1621,374,0,180000,1,1.00,0,0,1472,,,CERTIFIED,1690,655.9,368,,,WL1_ORIGINAL,false,OFF,1472,GLOBAL,114096,
cfi-rigid-s2,graphs/cfi-rigid-s2/cfi-rigid-s2-1472-03-2,1472,15420,WL_DIST,1,42,368,368,4,4.00,2,5888,2944,114096,2496,8,6,61,655.9,2208,0,2208,0,2208,0,2204,822,0,180000,1,1.00,0,0,1472,,,CERTIFIED,2267,655.9,368,,,WL1_ORIGINAL,false,OFF,1472,GLOBAL,114096,
cfi-rigid-s2,graphs/cfi-rigid-s2/cfi-rigid-s2-1472-04-1,1472,15432,WL_DIST,1,42,368,368,4,4.00,2,5888,2944,114336,2496,8,6,62,656.1,2208,0,2208,0,2208,0,1951,558,0,180000,1,1.00,0,0,1472,,,CERTIFIED,2015,656.1,368,,,WL1_ORIGINAL,false,OFF,1472,GLOBAL,114336,
cfi-rigid-s2,graphs/cfi-rigid-s2/cfi-rigid-s2-1472-04-2,1472,15432,WL_DIST,1,42,368,368,4,4.00,2,5888,2944,114336,2336,8,6,63,656.1,2208,0,2208,0,2208,0,1827,561,0,180000,1,1.00,0,0,1472,,,CERTIFIED,1892,656.1,368,,,WL1_ORIGINAL,false,OFF,1472,GLOBAL,114336,
cfi-rigid-s2,graphs/cfi-rigid-s2/cfi-rigid-s2-1536-01-1,1536,16104,WL_DIST,1,42,384,384,4,4.00,2,6144,3072,119328,2496,8,6,65,656.1,2304,0,2304,0,2304,0,3782,1003,0,180000,1,1.00,0,0,1536,,,CERTIFIED,3849,656.9,384,,,WL1_ORIGINAL,false,OFF,1536,GLOBAL,119328,
cfi-rigid-s2,graphs/cfi-rigid-s2/cfi-rigid-s2-1536-01-2,1536,16104,WL_DIST,1,42,384,384,4,4.00,2,6144,3072,119328,2496,8,6,70,656.9,2304,0,2304,0,2304,0,2565,1000,0,180000,1,1.00,0,0,1536,,,CERTIFIED,2637,656.9,384,,,WL1_ORIGINAL,false,OFF,1536,GLOBAL,119328,
cfi-rigid-s2,graphs/cfi-rigid-s2/cfi-rigid-s2-1536-02-1,1536,16108,WL_DIST,1,42,384,384,4,4.00,2,6144,3072,119408,2496,8,6,70,656.9,2304,0,2304,0,2304,0,3503,978,0,180000,1,1.00,0,0,1536,,,CERTIFIED,3575,656.9,384,,,WL1_ORIGINAL,false,OFF,1536,GLOBAL,119408,
cfi-rigid-s2,graphs/cfi-rigid-s2/cfi-rigid-s2-1536-02-2,1536,16108,WL_DIST,1,42,384,384,4,4.00,2,6144,3072,119408,2496,8,6,65,656.9,2304,0,2304,0,2304,0,3112,1000,0,180000,1,1.00,0,0,1536,,,CERTIFIED,3179,656.9,384,,,WL1_ORIGINAL,false,OFF,1536,GLOBAL,119408,
cfi-rigid-s2,graphs/cfi-rigid-s2/cfi-rigid-s2-1536-03-1,1536,16096,WL_DIST,1,42,384,384,4,4.00,3,6144,3072,119168,2496,8,6,83,656.9,2304,0,2304,0,2304,0,1887,546,0,180000,1,1.00,0,0,1536,,,CERTIFIED,1973,657.5,384,,,WL1_ORIGINAL,false,OFF,1536,GLOBAL,119168,
cfi-rigid-s2,graphs/cfi-rigid-s2/cfi-rigid-s2-1536-03-2,1536,16096,WL_DIST,1,42,384,384,4,4.00,3,6144,3072,119168,2496,8,6,79,657.5,2304,0,2304,0,2304,0,1648,427,0,180000,1,1.00,0,0,1536,,,CERTIFIED,1730,657.5,384,,,WL1_ORIGINAL,false,OFF,1536,GLOBAL,119168,
cfi-rigid-s2,graphs/cfi-rigid-s2/cfi-rigid-s2-1536-04-1,1536,16060,WL_DIST,1,42,384,384,4,4.00,3,6144,3072,118448,2336,8,6,82,657.6,2304,0,2304,0,2304,0,873,283,0,180000,1,1.00,0,0,1536,,,CERTIFIED,958,657.6,384,,,WL1_ORIGINAL,false,OFF,1536,GLOBAL,118448,
cfi-rigid-s2,graphs/cfi-rigid-s2/cfi-rigid-s2-1536-04-2,1536,16060,WL_DIST,1,42,384,384,4,4.00,3,6144,3072,118448,2496,8,6,87,657.6,2304,0,2304,0,2304,0,613,219,0,180000,1,1.00,0,0,1536,,,CERTIFIED,703,657.6,384,,,WL1_ORIGINAL,false,OFF,1536,GLOBAL,118448,
cfi-rigid-s2,graphs/cfi-rigid-s2/cfi-rigid-s2-1600-01-1,1600,16764,WL_DIST,1,42,400,400,4,4.00,3,6400,3200,124080,2496,8,6,92,658.3,2400,0,2400,0,2400,0,3715,1000,0,180000,1,1.00,0,0,1600,,,CERTIFIED,3810,692.3,400,,,WL1_ORIGINAL,false,OFF,1600,GLOBAL,124080,
cfi-rigid-s2,graphs/cfi-rigid-s2/cfi-rigid-s2-1600-01-2,1600,16764,WL_DIST,1,42,400,400,4,4.00,3,6400,3200,124080,2496,8,6,92,692.4,2400,0,2400,0,2400,0,2346,727,0,180000,1,1.00,0,0,1600,,,CERTIFIED,2441,692.4,400,,,WL1_ORIGINAL,false,OFF,1600,GLOBAL,124080,
cfi-rigid-s2,graphs/cfi-rigid-s2/cfi-rigid-s2-1600-02-1,1600,16772,WL_DIST,1,42,400,400,4,4.00,3,6400,3200,124240,2336,8,6,73,692.4,2400,0,2400,0,2400,0,2398,943,0,180000,1,1.00,0,0,1600,,,CERTIFIED,2474,692.4,400,,,WL1_ORIGINAL,false,OFF,1600,GLOBAL,124240,
cfi-rigid-s2,graphs/cfi-rigid-s2/cfi-rigid-s2-1600-02-2,1600,16772,WL_DIST,1,42,400,400,4,4.00,3,6400,3200,124240,2496,8,6,87,692.5,2400,0,2400,0,2400,0,2209,641,0,180000,1,1.00,0,0,1600,,,CERTIFIED,2299,702.8,400,,,WL1_ORIGINAL,false,OFF,1600,GLOBAL,124240,
cfi-rigid-s2,graphs/cfi-rigid-s2/cfi-rigid-s2-1600-03-1,1600,16772,WL_DIST,1,42,400,400,4,4.00,3,6400,3200,124240,2496,8,6,86,702.8,2400,0,2400,0,2400,0,2619,961,0,180000,1,1.00,0,0,1600,,,CERTIFIED,2708,703.4,400,,,WL1_ORIGINAL,false,OFF,1600,GLOBAL,124240,
cfi-rigid-s2,graphs/cfi-rigid-s2/cfi-rigid-s2-1600-03-2,1600,16772,WL_DIST,1,42,400,400,4,4.00,2,6400,3200,124240,2496,8,6,69,703.4,2400,0,2400,0,2400,0,2767,1000,0,180000,1,1.00,0,0,1600,,,CERTIFIED,2838,703.4,400,,,WL1_ORIGINAL,false,OFF,1600,GLOBAL,124240,
cfi-rigid-s2,graphs/cfi-rigid-s2/cfi-rigid-s2-1600-04-1,1600,16768,WL_DIST,1,42,400,400,4,4.00,2,6400,3200,124160,2496,8,6,72,703.4,2400,0,2400,0,2400,0,2341,788,0,180000,1,1.00,0,0,1600,,,CERTIFIED,2415,703.4,400,,,WL1_ORIGINAL,false,OFF,1600,GLOBAL,124160,
cfi-rigid-s2,graphs/cfi-rigid-s2/cfi-rigid-s2-1600-04-2,1600,16768,WL_DIST,1,42,400,400,4,4.00,2,6400,3200,124160,2496,8,6,68,703.4,2400,0,2400,0,2400,0,2525,1004,0,180000,1,1.00,0,0,1600,,,CERTIFIED,2595,703.4,400,,,WL1_ORIGINAL,false,OFF,1600,GLOBAL,124160,
cfi-rigid-s2,graphs/cfi-rigid-s2/cfi-rigid-s2-1664-01-1,1664,17440,WL_DIST,1,42,416,416,4,4.00,2,6656,3328,129152,2496,8,6,75,704.0,2496,0,2496,0,2496,0,3985,1000,0,180000,1,1.00,0,0,1664,,,CERTIFIED,4062,706.6,416,,,WL1_ORIGINAL,false,OFF,1664,GLOBAL,129152,
cfi-rigid-s2,graphs/cfi-rigid-s2/cfi-rigid-s2-1664-01-2,1664,17440,WL_DIST,1,42,416,416,4,4.00,3,6656,3328,129152,2496,8,6,71,706.6,2496,0,2496,0,2496,0,3222,1000,0,180000,1,1.00,0,0,1664,,,CERTIFIED,3296,706.6,416,,,WL1_ORIGINAL,false,OFF,1664,GLOBAL,129152,
cfi-rigid-s2,graphs/cfi-rigid-s2/cfi-rigid-s2-1664-02-1,1664,17452,WL_DIST,1,42,416,416,4,4.00,2,6656,3328,129392,2496,8,6,77,706.6,2496,0,2496,0,2496,0,2479,908,0,180000,1,1.00,0,0,1664,,,CERTIFIED,2558,706.6,416,,,WL1_ORIGINAL,false,OFF,1664,GLOBAL,129392,
cfi-rigid-s2,graphs/cfi-rigid-s2/cfi-rigid-s2-1664-02-2,1664,17452,WL_DIST,1,42,416,416,4,4.00,2,6656,3328,129392,2496,8,6,76,706.6,2496,0,2496,0,2496,0,3560,1005,0,180000,1,1.00,0,0,1664,,,CERTIFIED,3638,706.6,416,,,WL1_ORIGINAL,false,OFF,1664,GLOBAL,129392,
cfi-rigid-s2,graphs/cfi-rigid-s2/cfi-rigid-s2-1664-03-1,1664,17448,WL_DIST,1,42,416,416,4,4.00,3,6656,3328,129312,2496,8,6,77,706.6,2496,0,2496,0,2496,0,4200,1001,0,180000,1,1.00,0,0,1664,,,CERTIFIED,4280,705.6,416,,,WL1_ORIGINAL,false,OFF,1664,GLOBAL,129312,
cfi-rigid-s2,graphs/cfi-rigid-s2/cfi-rigid-s2-1664-03-2,1664,17448,WL_DIST,1,42,416,416,4,4.00,2,6656,3328,129312,2496,8,6,77,705.6,2496,0,2496,0,2496,0,2983,1000,0,180000,1,1.00,0,0,1664,,,CERTIFIED,3062,706.6,416,,,WL1_ORIGINAL,false,OFF,1664,GLOBAL,129312,
cfi-rigid-s2,graphs/cfi-rigid-s2/cfi-rigid-s2-1664-04-1,1664,17440,WL_DIST,1,42,416,416,4,4.00,2,6656,3328,129152,2496,8,6,76,706.6,2496,0,2496,0,2496,0,2498,751,0,180000,1,1.00,0,0,1664,,,CERTIFIED,2576,706.6,416,,,WL1_ORIGINAL,false,OFF,1664,GLOBAL,129152,
cfi-rigid-s2,graphs/cfi-rigid-s2/cfi-rigid-s2-1664-04-2,1664,17440,WL_DIST,1,42,416,416,4,4.00,2,6656,3328,129152,2496,8,6,75,706.6,2496,0,2496,0,2496,0,4672,1000,0,180000,1,1.00,0,0,1664,,,CERTIFIED,4749,706.6,416,,,WL1_ORIGINAL,false,OFF,1664,GLOBAL,129152,
cfi-rigid-s2,graphs/cfi-rigid-s2/cfi-rigid-s2-1728-01-1,1728,18120,WL_DIST,1,42,432,432,4,4.00,2,6912,3456,134304,2496,8,6,81,707.2,2592,0,2592,0,2592,0,3782,1000,0,180000,1,1.00,0,0,1728,,,CERTIFIED,3865,707.2,432,,,WL1_ORIGINAL,false,OFF,1728,GLOBAL,134304,
cfi-rigid-s2,graphs/cfi-rigid-s2/cfi-rigid-s2-1728-01-2,1728,18120,WL_DIST,1,42,432,432,4,4.00,3,6912,3456,134304,2496,8,6,100,707.2,2592,0,2592,0,2592,0,4135,1000,0,180000,1,1.00,0,0,1728,,,CERTIFIED,4238,707.2,432,,,WL1_ORIGINAL,false,OFF,1728,GLOBAL,134304,
cfi-rigid-s2,graphs/cfi-rigid-s2/cfi-rigid-s2-1728-02-1,1728,18132,WL_DIST,1,42,432,432,4,4.00,4,6912,3456,134544,2496,8,6,101,707.2,2592,0,2592,0,2592,0,3716,1000,0,180000,1,1.00,0,0,1728,,,CERTIFIED,3821,707.2,432,,,WL1_ORIGINAL,false,OFF,1728,GLOBAL,134544,
cfi-rigid-s2,graphs/cfi-rigid-s2/cfi-rigid-s2-1728-02-2,1728,18132,WL_DIST,1,42,432,432,4,4.00,3,6912,3456,134544,2496,8,6,96,707.3,2592,0,2592,0,2592,0,3775,1000,0,180000,1,1.00,0,0,1728,,,CERTIFIED,3874,707.3,432,,,WL1_ORIGINAL,false,OFF,1728,GLOBAL,134544,
cfi-rigid-s2,graphs/cfi-rigid-s2/cfi-rigid-s2-1728-03-1,1728,18120,WL_DIST,1,42,432,432,4,4.00,3,6912,3456,134304,2496,8,6,100,707.3,2592,0,2592,0,2592,0,3437,1000,0,180000,1,1.00,0,0,1728,,,CERTIFIED,3540,707.3,432,,,WL1_ORIGINAL,false,OFF,1728,GLOBAL,134304,
cfi-rigid-s2,graphs/cfi-rigid-s2/cfi-rigid-s2-1728-03-2,1728,18120,WL_DIST,1,42,432,432,4,4.00,4,6912,3456,134304,2496,8,6,100,707.3,2592,0,2592,0,2592,0,2573,781,0,180000,1,1.00,0,0,1728,,,CERTIFIED,2677,707.3,432,,,WL1_ORIGINAL,false,OFF,1728,GLOBAL,134304,
cfi-rigid-s2,graphs/cfi-rigid-s2/cfi-rigid-s2-1728-04-1,1728,18120,WL_DIST,1,42,432,432,4,4.00,3,6912,3456,134304,2496,8,6,99,707.3,2592,0,2592,0,2592,0,3124,1000,0,180000,1,1.00,0,0,1728,,,CERTIFIED,3226,707.3,432,,,WL1_ORIGINAL,false,OFF,1728,GLOBAL,134304,
cfi-rigid-s2,graphs/cfi-rigid-s2/cfi-rigid-s2-1728-04-2,1728,18120,WL_DIST,1,42,432,432,4,4.00,4,6912,3456,134304,2496,8,6,95,707.3,2592,0,2592,0,2592,0,3276,1000,0,180000,1,1.00,0,0,1728,,,CERTIFIED,3375,707.3,432,,,WL1_ORIGINAL,false,OFF,1728,GLOBAL,134304,
cfi-rigid-s2,graphs/cfi-rigid-s2/cfi-rigid-s2-1792-01-1,1792,18780,WL_DIST,1,42,448,448,4,4.00,2,7168,3584,139056,2496,8,6,83,707.9,2688,0,2688,0,2688,0,4144,1000,0,180000,1,1.00,0,0,1792,,,CERTIFIED,4229,708.7,448,,,WL1_ORIGINAL,false,OFF,1792,GLOBAL,139056,
cfi-rigid-s2,graphs/cfi-rigid-s2/cfi-rigid-s2-1792-01-2,1792,18780,WL_DIST,1,42,448,448,4,4.00,3,7168,3584,139056,2496,8,6,105,708.8,2688,0,2688,0,2688,0,3964,1000,0,180000,1,1.00,0,0,1792,,,CERTIFIED,4072,708.8,448,,,WL1_ORIGINAL,false,OFF,1792,GLOBAL,139056,
cfi-rigid-s2,graphs/cfi-rigid-s2/cfi-rigid-s2-1792-02-1,1792,18780,WL_DIST,1,42,448,448,4,4.00,3,7168,3584,139056,2496,8,6,109,708.8,2688,0,2688,0,2688,0,4341,1005,0,180000,1,1.00,0,0,1792,,,CERTIFIED,4453,708.8,448,,,WL1_ORIGINAL,false,OFF,1792,GLOBAL,139056,
cfi-rigid-s2,graphs/cfi-rigid-s2/cfi-rigid-s2-1792-02-2,1792,18780,WL_DIST,1,42,448,448,4,4.00,4,7168,3584,139056,2496,8,6,106,708.8,2688,0,2688,0,2688,0,3792,1004,0,180000,1,1.00,0,0,1792,,,CERTIFIED,3902,708.8,448,,,WL1_ORIGINAL,false,OFF,1792,GLOBAL,139056,
cfi-rigid-s2,graphs/cfi-rigid-s2/cfi-rigid-s2-1792-03-1,1792,18784,WL_DIST,1,42,448,448,4,4.00,2,7168,3584,139136,2496,8,6,81,708.8,2688,0,2688,0,2688,0,2789,1000,0,180000,1,1.00,0,0,1792,,,CERTIFIED,2872,708.8,448,,,WL1_ORIGINAL,false,OFF,1792,GLOBAL,139136,
cfi-rigid-s2,graphs/cfi-rigid-s2/cfi-rigid-s2-1792-03-2,1792,18784,WL_DIST,1,42,448,448,4,4.00,2,7168,3584,139136,2496,8,6,84,708.9,2688,0,2688,0,2688,0,2776,970,0,180000,1,1.00,0,0,1792,,,CERTIFIED,2862,708.9,448,,,WL1_ORIGINAL,false,OFF,1792,GLOBAL,139136,
cfi-rigid-s2,graphs/cfi-rigid-s2/cfi-rigid-s2-1792-04-1,1792,18776,WL_DIST,1,42,448,448,4,4.00,3,7168,3584,138976,2496,8,6,85,708.9,2688,0,2688,0,2688,0,4040,1000,0,180000,1,1.00,0,0,1792,,,CERTIFIED,4128,708.9,448,,,WL1_ORIGINAL,false,OFF,1792,GLOBAL,138976,
cfi-rigid-s2,graphs/cfi-rigid-s2/cfi-rigid-s2-1792-04-2,1792,18776,WL_DIST,1,42,448,448,4,4.00,2,7168,3584,138976,2496,8,6,85,708.9,2688,0,2688,0,2688,0,4594,1000,0,180000,1,1.00,0,0,1792,,,CERTIFIED,4681,708.9,448,,,WL1_ORIGINAL,false,OFF,1792,GLOBAL,138976,
cfi-rigid-s2,graphs/cfi-rigid-s2/cfi-rigid-s2-1856-01-1,1856,19464,WL_DIST,1,42,464,464,4,4.00,3,7424,3712,144288,2496,8,6,89,709.4,2784,0,2784,0,2784,0,4716,1000,0,180000,1,1.00,0,0,1856,,,CERTIFIED,4808,710.6,464,,,WL1_ORIGINAL,false,OFF,1856,GLOBAL,144288,
cfi-rigid-s2,graphs/cfi-rigid-s2/cfi-rigid-s2-1856-01-2,1856,19464,WL_DIST,1,42,464,464,4,4.00,2,7424,3712,144288,2496,8,6,88,710.6,2784,0,2784,0,2784,0,4735,1000,0,180000,1,1.00,0,0,1856,,,CERTIFIED,4825,710.6,464,,,WL1_ORIGINAL,false,OFF,1856,GLOBAL,144288,
cfi-rigid-s2,graphs/cfi-rigid-s2/cfi-rigid-s2-1856-02-1,1856,19452,WL_DIST,1,42,464,464,4,4.00,3,7424,3712,144048,2496,8,6,89,710.6,2784,0,2784,0,2784,0,4700,1002,0,180000,1,1.00,0,0,1856,,,CERTIFIED,4792,709.6,464,,,WL1_ORIGINAL,false,OFF,1856,GLOBAL,144048,
cfi-rigid-s2,graphs/cfi-rigid-s2/cfi-rigid-s2-1856-02-2,1856,19452,WL_DIST,1,42,464,464,4,4.00,4,7424,3712,144048,2496,8,6,111,709.6,2784,0,2784,0,2784,0,4681,1007,0,180000,1,1.00,0,0,1856,,,CERTIFIED,4796,710.5,464,,,WL1_ORIGINAL,false,OFF,1856,GLOBAL,144048,
cfi-rigid-s2,graphs/cfi-rigid-s2/cfi-rigid-s2-1856-03-1,1856,19424,WL_DIST,1,42,464,464,4,4.00,4,7424,3712,143488,2496,8,6,111,710.6,2784,0,2784,0,2784,0,3021,938,0,180000,1,1.00,0,0,1856,,,CERTIFIED,3136,710.6,464,,,WL1_ORIGINAL,false,OFF,1856,GLOBAL,143488,
cfi-rigid-s2,graphs/cfi-rigid-s2/cfi-rigid-s2-1856-03-2,1856,19424,WL_DIST,1,42,464,464,4,4.00,4,7424,3712,143488,2496,8,6,111,710.6,2784,0,2784,0,2784,0,3068,1000,0,180000,1,1.00,0,0,1856,,,CERTIFIED,3183,710.6,464,,,WL1_ORIGINAL,false,OFF,1856,GLOBAL,143488,
cfi-rigid-s2,graphs/cfi-rigid-s2/cfi-rigid-s2-1856-04-1,1856,19456,WL_DIST,1,42,464,464,4,4.00,3,7424,3712,144128,2496,8,6,110,710.6,2784,0,2784,0,2784,0,5306,1000,0,180000,1,1.00,0,0,1856,,,CERTIFIED,5419,710.6,464,,,WL1_ORIGINAL,false,OFF,1856,GLOBAL,144128,
cfi-rigid-s2,graphs/cfi-rigid-s2/cfi-rigid-s2-1856-04-2,1856,19456,WL_DIST,1,42,464,464,4,4.00,3,7424,3712,144128,2496,8,6,109,710.6,2784,0,2784,0,2784,0,3381,1000,0,180000,1,1.00,0,0,1856,,,CERTIFIED,3493,710.6,464,,,WL1_ORIGINAL,false,OFF,1856,GLOBAL,144128,
cfi-rigid-s2,graphs/cfi-rigid-s2/cfi-rigid-s2-1920-01-1,1920,20144,WL_DIST,1,42,480,480,4,4.00,3,7680,3840,149440,2496,8,6,110,711.2,2880,0,2880,0,2880,0,4866,1001,0,180000,1,1.00,0,0,1920,,,CERTIFIED,4979,712.4,480,,,WL1_ORIGINAL,false,OFF,1920,GLOBAL,149440,
cfi-rigid-s2,graphs/cfi-rigid-s2/cfi-rigid-s2-1920-01-2,1920,20144,WL_DIST,1,42,480,480,4,4.00,3,7680,3840,149440,2496,8,6,113,712.4,2880,0,2880,0,2880,0,4288,1007,0,180000,1,1.00,0,0,1920,,,CERTIFIED,4404,712.4,480,,,WL1_ORIGINAL,false,OFF,1920,GLOBAL,149440,
cfi-rigid-s2,graphs/cfi-rigid-s2/cfi-rigid-s2-1920-02-1,1920,20140,WL_DIST,1,42,480,480,4,4.00,3,7680,3840,149360,2496,8,6,112,771.6,2880,0,2880,0,2880,0,8754,1001,0,180000,1,1.00,0,0,1920,,,CERTIFIED,8869,777.6,480,,,WL1_ORIGINAL,false,OFF,1920,GLOBAL,149360,
cfi-rigid-s2,graphs/cfi-rigid-s2/cfi-rigid-s2-1920-02-2,1920,20140,WL_DIST,1,42,480,480,4,4.00,3,7680,3840,149360,2496,8,6,114,777.6,2880,0,2880,0,2880,0,7781,1000,0,180000,1,1.00,0,0,1920,,,CERTIFIED,7898,777.6,480,,,WL1_ORIGINAL,false,OFF,1920,GLOBAL,149360,
cfi-rigid-s2,graphs/cfi-rigid-s2/cfi-rigid-s2-1920-03-1,1920,20136,WL_DIST,1,42,480,480,4,4.00,3,7680,3840,149280,2496,8,6,109,777.6,2880,0,2880,0,2880,0,4629,1001,0,180000,1,1.00,0,0,1920,,,CERTIFIED,4741,777.6,480,,,WL1_ORIGINAL,false,OFF,1920,GLOBAL,149280,
cfi-rigid-s2,graphs/cfi-rigid-s2/cfi-rigid-s2-1920-03-2,1920,20136,WL_DIST,1,42,480,480,4,4.00,4,7680,3840,149280,2496,8,6,112,777.6,2880,0,2880,0,2880,0,6726,1005,0,180000,1,1.00,0,0,1920,,,CERTIFIED,6842,776.6,480,,,WL1_ORIGINAL,false,OFF,1920,GLOBAL,149280,
cfi-rigid-s2,graphs/cfi-rigid-s2/cfi-rigid-s2-1920-04-1,1920,20124,WL_DIST,1,42,480,480,4,4.00,3,7680,3840,149040,2496,8,6,114,776.6,2880,0,2880,0,2880,0,4001,1005,0,180000,1,1.00,0,0,1920,,,CERTIFIED,4118,777.6,480,,,WL1_ORIGINAL,false,OFF,1920,GLOBAL,149040,
cfi-rigid-s2,graphs/cfi-rigid-s2/cfi-rigid-s2-1920-04-2,1920,20124,WL_DIST,1,42,480,480,4,4.00,4,7680,3840,149040,2496,8,6,119,776.6,2880,0,2880,0,2880,0,4811,1003,0,180000,1,1.00,0,0,1920,,,CERTIFIED,4934,776.6,480,,,WL1_ORIGINAL,false,OFF,1920,GLOBAL,149040,
cfi-rigid-s2,graphs/cfi-rigid-s2/cfi-rigid-s2-1984-01-1,1984,20816,WL_DIST,1,42,496,496,4,4.00,3,7936,3968,154432,2496,8,6,119,776.6,2976,0,2976,0,2976,0,5283,1002,0,180000,1,1.00,0,0,1984,,,CERTIFIED,5405,776.6,496,,,WL1_ORIGINAL,false,OFF,1984,GLOBAL,154432,
cfi-rigid-s2,graphs/cfi-rigid-s2/cfi-rigid-s2-1984-01-2,1984,20816,WL_DIST,1,42,496,496,4,4.00,4,7936,3968,154432,2496,8,6,119,776.6,2976,0,2976,0,2976,0,5424,1005,0,180000,1,1.00,0,0,1984,,,CERTIFIED,5547,776.6,496,,,WL1_ORIGINAL,false,OFF,1984,GLOBAL,154432,
cfi-rigid-s2,graphs/cfi-rigid-s2/cfi-rigid-s2-1984-02-1,1984,20808,WL_DIST,1,42,496,496,4,4.00,4,7936,3968,154272,2496,8,6,119,776.6,2976,0,2976,0,2976,0,4431,1000,0,180000,1,1.00,0,0,1984,,,CERTIFIED,4554,776.6,496,,,WL1_ORIGINAL,false,OFF,1984,GLOBAL,154272,
cfi-rigid-s2,graphs/cfi-rigid-s2/cfi-rigid-s2-1984-02-2,1984,20808,WL_DIST,1,42,496,496,4,4.00,4,7936,3968,154272,2496,8,6,119,776.6,2976,0,2976,0,2976,0,5137,1000,0,180000,1,1.00,0,0,1984,,,CERTIFIED,5260,776.6,496,,,WL1_ORIGINAL,false,OFF,1984,GLOBAL,154272,
cfi-rigid-s2,graphs/cfi-rigid-s2/cfi-rigid-s2-1984-03-1,1984,20808,WL_DIST,1,42,496,496,4,4.00,4,7936,3968,154272,2336,8,6,117,776.6,2976,0,2976,0,2976,0,5981,1000,0,180000,1,1.00,0,0,1984,,,CERTIFIED,6102,776.6,496,,,WL1_ORIGINAL,false,OFF,1984,GLOBAL,154272,
cfi-rigid-s2,graphs/cfi-rigid-s2/cfi-rigid-s2-1984-03-2,1984,20808,WL_DIST,1,42,496,496,4,4.00,3,7936,3968,154272,2336,8,6,120,776.6,2976,0,2976,0,2976,0,5101,1000,0,180000,1,1.00,0,0,1984,,,CERTIFIED,5224,776.6,496,,,WL1_ORIGINAL,false,OFF,1984,GLOBAL,154272,
cfi-rigid-s2,graphs/cfi-rigid-s2/cfi-rigid-s2-1984-04-1,1984,20816,WL_DIST,1,42,496,496,4,4.00,4,7936,3968,154432,2496,8,6,113,776.6,2976,0,2976,0,2976,0,7037,1001,0,180000,1,1.00,0,0,1984,,,CERTIFIED,7154,776.6,496,,,WL1_ORIGINAL,false,OFF,1984,GLOBAL,154432,
cfi-rigid-s2,graphs/cfi-rigid-s2/cfi-rigid-s2-1984-04-2,1984,20816,WL_DIST,1,42,496,496,4,4.00,4,7936,3968,154432,2496,8,6,118,776.6,2976,0,2976,0,2976,0,5699,1001,0,180000,1,1.00,0,0,1984,,,CERTIFIED,5821,776.6,496,,,WL1_ORIGINAL,false,OFF,1984,GLOBAL,154432,
cfi-rigid-s2,graphs/cfi-rigid-s2/cfi-rigid-s2-2048-01-1,2048,21492,WL_DIST,1,42,512,512,4,4.00,52,8192,4096,159504,2496,8,6,283,286.9,3072,0,3072,0,3072,0,5415,1001,0,180000,1,1.00,0,0,2048,,,CERTIFIED,5750,377.1,512,,,WL1_ORIGINAL,false,OFF,2048,GLOBAL,159504,
cfi-rigid-s2,graphs/cfi-rigid-s2/cfi-rigid-s2-2048-01-2,2048,21492,WL_DIST,1,42,512,512,4,4.00,7,8192,4096,159504,2496,8,6,134,451.0,3072,0,3072,0,3072,0,6256,1011,0,180000,1,1.00,0,0,2048,,,CERTIFIED,6397,490.3,512,,,WL1_ORIGINAL,false,OFF,2048,GLOBAL,159504,
cfi-rigid-s2,graphs/cfi-rigid-s2/cfi-rigid-s2-2048-02-1,2048,21468,WL_DIST,1,42,512,512,4,4.00,6,8192,4096,159024,2496,8,6,138,496.4,3072,0,3072,0,3072,0,8531,1001,0,180000,1,1.00,0,0,2048,,,CERTIFIED,8675,590.7,512,,,WL1_ORIGINAL,false,OFF,2048,GLOBAL,159024,
cfi-rigid-s2,graphs/cfi-rigid-s2/cfi-rigid-s2-2048-02-2,2048,21468,WL_DIST,1,42,512,512,4,4.00,6,8192,4096,159024,2496,8,6,132,591.0,3072,0,3072,0,3072,0,4417,1001,0,180000,1,1.00,0,0,2048,,,CERTIFIED,4555,632.9,512,,,WL1_ORIGINAL,false,OFF,2048,GLOBAL,159024,
cfi-rigid-s2,graphs/cfi-rigid-s2/cfi-rigid-s2-2048-03-1,2048,21488,WL_DIST,1,42,512,512,4,4.00,6,8192,4096,159424,2496,8,6,132,632.9,3072,0,3072,0,3072,0,8060,1002,0,180000,1,1.00,0,0,2048,,,CERTIFIED,8198,632.9,512,,,WL1_ORIGINAL,false,OFF,2048,GLOBAL,159424,
cfi-rigid-s2,graphs/cfi-rigid-s2/cfi-rigid-s2-2048-03-2,2048,21488,WL_DIST,1,42,512,512,4,4.00,6,8192,4096,159424,2496,8,6,133,684.6,3072,0,3072,0,3072,0,6332,1000,0,180000,1,1.00,0,0,2048,,,CERTIFIED,6471,727.2,512,,,WL1_ORIGINAL,false,OFF,2048,GLOBAL,159424,
cfi-rigid-s2,graphs/cfi-rigid-s2/cfi-rigid-s2-2048-04-1,2048,21488,WL_DIST,1,42,512,512,4,4.00,5,8192,4096,159424,2496,8,6,132,727.4,3072,0,3072,0,3072,0,6277,1000,0,180000,1,1.00,0,0,2048,,,CERTIFIED,6414,727.4,512,,,WL1_ORIGINAL,false,OFF,2048,GLOBAL,159424,
cfi-rigid-s2,graphs/cfi-rigid-s2/cfi-rigid-s2-2048-04-2,2048,21488,WL_DIST,1,42,512,512,4,4.00,6,8192,4096,159424,2496,8,6,132,727.5,3072,0,3072,0,3072,0,5165,1000,0,180000,1,1.00,0,0,2048,,,CERTIFIED,5303,755.0,512,,,WL1_ORIGINAL,false,OFF,2048,GLOBAL,159424,
cfi-rigid-s2,graphs/cfi-rigid-s2/cfi-rigid-s2-2112-01-1,2112,22164,WL_DIST,1,42,528,528,4,4.00,5,8448,4224,164496,2496,8,6,137,755.0,3168,0,3168,0,3168,0,7857,1000,0,180000,1,1.00,0,0,2112,,,CERTIFIED,7999,755.4,528,,,WL1_ORIGINAL,false,OFF,2112,GLOBAL,164496,
cfi-rigid-s2,graphs/cfi-rigid-s2/cfi-rigid-s2-2112-01-2,2112,22164,WL_DIST,1,42,528,528,4,4.00,7,8448,4224,164496,2496,8,6,139,755.4,3168,0,3168,0,3168,0,7678,1000,0,180000,1,1.00,0,0,2112,,,CERTIFIED,7824,755.4,528,,,WL1_ORIGINAL,false,OFF,2112,GLOBAL,164496,
cfi-rigid-s2,graphs/cfi-rigid-s2/cfi-rigid-s2-2112-02-1,2112,22152,WL_DIST,1,42,528,528,4,4.00,6,8448,4224,164256,2496,8,6,139,755.4,3168,0,3168,0,3168,0,13206,1000,0,180000,1,1.00,0,0,2112,,,CERTIFIED,13351,755.4,528,,,WL1_ORIGINAL,false,OFF,2112,GLOBAL,164256,
cfi-rigid-s2,graphs/cfi-rigid-s2/cfi-rigid-s2-2112-02-2,2112,22152,WL_DIST,1,42,528,528,4,4.00,5,8448,4224,164256,2496,8,6,136,755.4,3168,0,3168,0,3168,0,9670,1000,0,180000,1,1.00,0,0,2112,,,CERTIFIED,9811,755.4,528,,,WL1_ORIGINAL,false,OFF,2112,GLOBAL,164256,
cfi-rigid-s2,graphs/cfi-rigid-s2/cfi-rigid-s2-2112-03-1,2112,22144,WL_DIST,1,42,528,528,4,4.00,6,8448,4224,164096,2496,8,6,155,755.4,3168,0,3168,0,3168,0,5728,1001,0,180000,1,1.00,0,0,2112,,,CERTIFIED,5889,755.4,528,,,WL1_ORIGINAL,false,OFF,2112,GLOBAL,164096,
cfi-rigid-s2,graphs/cfi-rigid-s2/cfi-rigid-s2-2112-03-2,2112,22144,WL_DIST,1,42,528,528,4,4.00,6,8448,4224,164096,2496,8,6,139,755.4,3168,0,3168,0,3168,0,5683,1001,0,180000,1,1.00,0,0,2112,,,CERTIFIED,5828,755.4,528,,,WL1_ORIGINAL,false,OFF,2112,GLOBAL,164096,
cfi-rigid-s2,graphs/cfi-rigid-s2/cfi-rigid-s2-2112-04-1,2112,22136,WL_DIST,1,42,528,528,4,4.00,6,8448,4224,163936,2336,8,6,135,755.4,3168,0,3168,0,3168,0,18619,1001,0,180000,1,1.00,0,0,2112,,,CERTIFIED,18760,755.4,528,,,WL1_ORIGINAL,false,OFF,2112,GLOBAL,163936,
cfi-rigid-s2,graphs/cfi-rigid-s2/cfi-rigid-s2-2112-04-2,2112,22136,WL_DIST,1,42,528,528,4,4.00,6,8448,4224,163936,2496,8,6,139,755.4,3168,0,3168,0,3168,0,5682,1000,0,180000,1,1.00,0,0,2112,,,CERTIFIED,5827,755.4,528,,,WL1_ORIGINAL,false,OFF,2112,GLOBAL,163936,
cfi-rigid-s2,graphs/cfi-rigid-s2/cfi-rigid-s2-2176-01-1,2176,22816,WL_DIST,1,42,544,544,4,4.00,5,8704,4352,169088,2496,8,6,143,755.4,3264,0,3264,0,3264,0,6165,1007,0,180000,1,1.00,0,0,2176,,,CERTIFIED,6313,755.4,544,,,WL1_ORIGINAL,false,OFF,2176,GLOBAL,169088,
cfi-rigid-s2,graphs/cfi-rigid-s2/cfi-rigid-s2-2176-01-2,2176,22816,WL_DIST,1,42,544,544,4,4.00,6,8704,4352,169088,2336,8,6,147,755.4,3264,0,3264,0,3264,0,6635,1000,0,180000,1,1.00,0,0,2176,,,CERTIFIED,6788,755.4,544,,,WL1_ORIGINAL,false,OFF,2176,GLOBAL,169088,
cfi-rigid-s2,graphs/cfi-rigid-s2/cfi-rigid-s2-2176-02-1,2176,22808,WL_DIST,1,42,544,544,4,4.00,6,8704,4352,168928,2496,8,6,142,785.1,3264,0,3264,0,3264,0,4726,1001,0,180000,1,1.00,0,0,2176,,,CERTIFIED,4874,831.1,544,,,WL1_ORIGINAL,false,OFF,2176,GLOBAL,168928,
cfi-rigid-s2,graphs/cfi-rigid-s2/cfi-rigid-s2-2176-02-2,2176,22808,WL_DIST,1,42,544,544,4,4.00,5,8704,4352,168928,2496,8,6,140,831.1,3264,0,3264,0,3264,0,4293,1000,0,180000,1,1.00,0,0,2176,,,CERTIFIED,4438,831.2,544,,,WL1_ORIGINAL,false,OFF,2176,GLOBAL,168928,
cfi-rigid-s2,graphs/cfi-rigid-s2/cfi-rigid-s2-2176-03-1,2176,22804,WL_DIST,1,42,544,544,4,4.00,5,8704,4352,168848,2496,8,6,142,831.2,3264,0,3264,0,3264,0,6287,1000,0,180000,1,1.00,0,0,2176,,,CERTIFIED,6434,831.3,544,,,WL1_ORIGINAL,false,OFF,2176,GLOBAL,168848,
cfi-rigid-s2,graphs/cfi-rigid-s2/cfi-rigid-s2-2176-03-2,2176,22804,WL_DIST,1,42,544,544,4,4.00,5,8704,4352,168848,2496,8,6,143,831.3,3264,0,3264,0,3264,0,7691,1000,0,180000,1,1.00,0,0,2176,,,CERTIFIED,7839,831.3,544,,,WL1_ORIGINAL,false,OFF,2176,GLOBAL,168848,
cfi-rigid-s2,graphs/cfi-rigid-s2/cfi-rigid-s2-2176-04-1,2176,22808,WL_DIST,1,42,544,544,4,4.00,5,8704,4352,168928,2496,8,6,159,831.1,3264,0,3264,0,3264,0,7782,1000,0,180000,1,1.00,0,0,2176,,,CERTIFIED,7946,831.1,544,,,WL1_ORIGINAL,false,OFF,2176,GLOBAL,168928,
cfi-rigid-s2,graphs/cfi-rigid-s2/cfi-rigid-s2-2176-04-2,2176,22808,WL_DIST,1,42,544,544,4,4.00,5,8704,4352,168928,2496,8,6,182,831.1,3264,0,3264,0,3264,0,6436,1000,0,180000,1,1.00,0,0,2176,,,CERTIFIED,6623,831.1,544,,,WL1_ORIGINAL,false,OFF,2176,GLOBAL,168928,
cfi-rigid-s2,graphs/cfi-rigid-s2/cfi-rigid-s2-2240-01-1,2240,23480,WL_DIST,1,42,560,560,4,4.00,6,8960,4480,173920,2496,8,6,145,831.1,3360,0,3360,0,3360,0,8300,1000,0,180000,1,1.00,0,0,2240,,,CERTIFIED,8451,831.1,560,,,WL1_ORIGINAL,false,OFF,2240,GLOBAL,173920,
cfi-rigid-s2,graphs/cfi-rigid-s2/cfi-rigid-s2-2240-01-2,2240,23480,WL_DIST,1,42,560,560,4,4.00,5,8960,4480,173920,2496,8,6,151,831.1,3360,0,3360,0,3360,0,9999,1004,0,180000,1,1.00,0,0,2240,,,CERTIFIED,10155,831.1,560,,,WL1_ORIGINAL,false,OFF,2240,GLOBAL,173920,
cfi-rigid-s2,graphs/cfi-rigid-s2/cfi-rigid-s2-2240-02-1,2240,23492,WL_DIST,1,42,560,560,4,4.00,5,8960,4480,174160,2496,8,6,117,831.1,3360,0,3360,0,3360,0,7637,1000,0,180000,1,1.00,0,0,2240,,,CERTIFIED,7759,831.1,560,,,WL1_ORIGINAL,false,OFF,2240,GLOBAL,174160,
cfi-rigid-s2,graphs/cfi-rigid-s2/cfi-rigid-s2-2240-02-2,2240,23492,WL_DIST,1,42,560,560,4,4.00,4,8960,4480,174160,2496,8,6,148,837.9,3360,0,3360,0,3360,0,6983,1004,0,180000,1,1.00,0,0,2240,,,CERTIFIED,7135,837.9,560,,,WL1_ORIGINAL,false,OFF,2240,GLOBAL,174160,
cfi-rigid-s2,graphs/cfi-rigid-s2/cfi-rigid-s2-2240-03-1,2240,23492,WL_DIST,1,42,560,560,4,4.00,5,8960,4480,174160,2496,8,6,146,837.9,3360,0,3360,0,3360,0,15891,1000,0,180000,1,1.00,0,0,2240,,,CERTIFIED,16042,838.0,560,,,WL1_ORIGINAL,false,OFF,2240,GLOBAL,174160,
cfi-rigid-s2,graphs/cfi-rigid-s2/cfi-rigid-s2-2240-03-2,2240,23492,WL_DIST,1,42,560,560,4,4.00,5,8960,4480,174160,2496,8,6,149,838.0,3360,0,3360,0,3360,0,6919,1002,0,180000,1,1.00,0,0,2240,,,CERTIFIED,7073,838.0,560,,,WL1_ORIGINAL,false,OFF,2240,GLOBAL,174160,
cfi-rigid-s2,graphs/cfi-rigid-s2/cfi-rigid-s2-2240-04-1,2240,23476,WL_DIST,1,42,560,560,4,4.00,8,8960,4480,173840,2336,8,6,148,838.0,3360,0,3360,0,3360,0,11248,1005,0,180000,1,1.00,0,0,2240,,,CERTIFIED,11404,838.0,560,,,WL1_ORIGINAL,false,OFF,2240,GLOBAL,173840,
cfi-rigid-s2,graphs/cfi-rigid-s2/cfi-rigid-s2-2240-04-2,2240,23476,WL_DIST,1,42,560,560,4,4.00,5,8960,4480,173840,2496,8,6,149,894.2,3360,0,3360,0,3360,0,8952,1000,0,180000,1,1.00,0,0,2240,,,CERTIFIED,9106,939.1,560,,,WL1_ORIGINAL,false,OFF,2240,GLOBAL,173840,
cfi-rigid-s2,graphs/cfi-rigid-s2/cfi-rigid-s2-2304-01-1,2304,24156,WL_DIST,1,42,576,576,4,4.00,4,9216,4608,178992,2496,8,6,154,939.1,3456,0,3456,0,3456,0,33926,1012,0,180000,1,1.00,0,0,2304,,,CERTIFIED,34084,941.8,576,,,WL1_ORIGINAL,false,OFF,2304,GLOBAL,178992,
cfi-rigid-s2,graphs/cfi-rigid-s2/cfi-rigid-s2-2304-01-2,2304,24156,WL_DIST,1,42,576,576,4,4.00,5,9216,4608,178992,2496,8,6,153,941.8,3456,0,3456,0,3456,0,8040,1013,0,180000,1,1.00,0,0,2304,,,CERTIFIED,8198,941.9,576,,,WL1_ORIGINAL,false,OFF,2304,GLOBAL,178992,
cfi-rigid-s2,graphs/cfi-rigid-s2/cfi-rigid-s2-2304-02-1,2304,24172,WL_DIST,1,42,576,576,4,4.00,5,9216,4608,179312,2496,8,6,178,941.3,3456,0,3456,0,3456,0,12050,1010,0,180000,1,1.00,0,0,2304,,,CERTIFIED,12233,941.3,576,,,WL1_ORIGINAL,false,OFF,2304,GLOBAL,179312,
cfi-rigid-s2,graphs/cfi-rigid-s2/cfi-rigid-s2-2304-02-2,2304,24172,WL_DIST,1,42,576,576,4,4.00,5,9216,4608,179312,2496,8,6,156,941.3,3456,0,3456,0,3456,0,7083,1005,0,180000,1,1.00,0,0,2304,,,CERTIFIED,7244,941.3,576,,,WL1_ORIGINAL,false,OFF,2304,GLOBAL,179312,
cfi-rigid-s2,graphs/cfi-rigid-s2/cfi-rigid-s2-2304-03-1,2304,24156,WL_DIST,1,42,576,576,4,4.00,4,9216,4608,178992,2496,8,6,162,941.3,3456,0,3456,0,3456,0,9846,1000,0,180000,1,1.00,0,0,2304,,,CERTIFIED,10012,941.3,576,,,WL1_ORIGINAL,false,OFF,2304,GLOBAL,178992,
cfi-rigid-s2,graphs/cfi-rigid-s2/cfi-rigid-s2-2304-03-2,2304,24156,WL_DIST,1,42,576,576,4,4.00,4,9216,4608,178992,2496,8,6,196,941.3,3456,0,3456,0,3456,0,11747,1006,0,180000,1,1.00,0,0,2304,,,CERTIFIED,11947,941.3,576,,,WL1_ORIGINAL,false,OFF,2304,GLOBAL,178992,
cfi-rigid-s2,graphs/cfi-rigid-s2/cfi-rigid-s2-2304-04-1,2304,24156,WL_DIST,1,42,576,576,4,4.00,5,9216,4608,178992,2496,8,6,199,941.3,3456,0,3456,0,3456,0,10366,1001,0,180000,1,1.00,0,0,2304,,,CERTIFIED,10570,941.3,576,,,WL1_ORIGINAL,false,OFF,2304,GLOBAL,178992,
cfi-rigid-s2,graphs/cfi-rigid-s2/cfi-rigid-s2-2304-04-2,2304,24156,WL_DIST,1,42,576,576,4,4.00,5,9216,4608,178992,2496,8,6,200,941.3,3456,0,3456,0,3456,0,7703,1002,0,180000,1,1.00,0,0,2304,,,CERTIFIED,7908,941.3,576,,,WL1_ORIGINAL,false,OFF,2304,GLOBAL,178992,
cfi-rigid-s2,graphs/cfi-rigid-s2/cfi-rigid-s2-2368-01-1,2368,24848,WL_DIST,1,42,592,592,4,4.00,5,9472,4736,184384,2496,8,6,181,941.3,3552,0,3552,0,3552,0,11840,1007,0,180000,1,1.00,0,0,2368,,,CERTIFIED,12026,941.3,592,,,WL1_ORIGINAL,false,OFF,2368,GLOBAL,184384,
cfi-rigid-s2,graphs/cfi-rigid-s2/cfi-rigid-s2-2368-01-2,2368,24848,WL_DIST,1,42,592,592,4,4.00,5,9472,4736,184384,2496,8,6,212,941.3,3552,0,3552,0,3552,0,14796,1009,0,180000,1,1.00,0,0,2368,,,CERTIFIED,15013,941.3,592,,,WL1_ORIGINAL,false,OFF,2368,GLOBAL,184384,
cfi-rigid-s2,graphs/cfi-rigid-s2/cfi-rigid-s2-2368-02-1,2368,24840,WL_DIST,1,42,592,592,4,4.00,4,9472,4736,184224,2496,8,6,208,941.3,3552,0,3552,0,3552,0,11507,1011,0,180000,1,1.00,0,0,2368,,,CERTIFIED,11719,941.3,592,,,WL1_ORIGINAL,false,OFF,2368,GLOBAL,184224,
cfi-rigid-s2,graphs/cfi-rigid-s2/cfi-rigid-s2-2368-02-2,2368,24840,WL_DIST,1,42,592,592,4,4.00,6,9472,4736,184224,2496,8,6,212,941.3,3552,0,3552,0,3552,0,22242,1018,0,180000,1,1.00,0,0,2368,,,CERTIFIED,22460,941.3,592,,,WL1_ORIGINAL,false,OFF,2368,GLOBAL,184224,
cfi-rigid-s2,graphs/cfi-rigid-s2/cfi-rigid-s2-2368-03-1,2368,24832,WL_DIST,1,42,592,592,4,4.00,5,9472,4736,184064,2496,8,6,210,941.3,3552,0,3552,0,3552,0,12252,1000,0,180000,1,1.00,0,0,2368,,,CERTIFIED,12467,941.3,592,,,WL1_ORIGINAL,false,OFF,2368,GLOBAL,184064,
cfi-rigid-s2,graphs/cfi-rigid-s2/cfi-rigid-s2-2368-03-2,2368,24832,WL_DIST,1,42,592,592,4,4.00,5,9472,4736,184064,2496,8,6,193,941.3,3552,0,3552,0,3552,0,10270,1011,0,180000,1,1.00,0,0,2368,,,CERTIFIED,10468,941.3,592,,,WL1_ORIGINAL,false,OFF,2368,GLOBAL,184064,
cfi-rigid-s2,graphs/cfi-rigid-s2/cfi-rigid-s2-2368-04-1,2368,24828,WL_DIST,1,42,592,592,4,4.00,7,9472,4736,183984,2496,8,6,201,941.3,3552,0,3552,0,3552,0,21269,1002,0,180000,1,1.00,0,0,2368,,,CERTIFIED,21477,941.3,592,,,WL1_ORIGINAL,false,OFF,2368,GLOBAL,183984,
cfi-rigid-s2,graphs/cfi-rigid-s2/cfi-rigid-s2-2368-04-2,2368,24828,WL_DIST,1,42,592,592,4,4.00,5,9472,4736,183984,2496,8,6,160,941.3,3552,0,3552,0,3552,0,14712,1004,0,180000,1,1.00,0,0,2368,,,CERTIFIED,14877,941.3,592,,,WL1_ORIGINAL,false,OFF,2368,GLOBAL,183984,
cfi-rigid-s2,graphs/cfi-rigid-s2/cfi-rigid-s2-2432-01-1,2432,25524,WL_DIST,1,42,608,608,4,4.00,5,9728,4864,189456,2496,8,6,202,941.3,3648,0,3648,0,3648,0,8868,1001,0,180000,1,1.00,0,0,2432,,,CERTIFIED,9075,941.3,608,,,WL1_ORIGINAL,false,OFF,2432,GLOBAL,189456,
cfi-rigid-s2,graphs/cfi-rigid-s2/cfi-rigid-s2-2432-01-2,2432,25524,WL_DIST,1,42,608,608,4,4.00,5,9728,4864,189456,2496,8,6,203,941.3,3648,0,3648,0,3648,0,11571,1000,0,180000,1,1.00,0,0,2432,,,CERTIFIED,11779,941.3,608,,,WL1_ORIGINAL,false,OFF,2432,GLOBAL,189456,
cfi-rigid-s2,graphs/cfi-rigid-s2/cfi-rigid-s2-2432-02-1,2432,25524,WL_DIST,1,42,608,608,4,4.00,5,9728,4864,189456,2496,8,6,214,941.3,3648,0,3648,0,3648,0,66105,1001,0,180000,1,1.00,0,0,2432,,,CERTIFIED,66324,941.3,608,,,WL1_ORIGINAL,false,OFF,2432,GLOBAL,189456,
cfi-rigid-s2,graphs/cfi-rigid-s2/cfi-rigid-s2-2432-02-2,2432,25524,WL_DIST,1,42,608,608,4,4.00,5,9728,4864,189456,2496,8,6,197,941.3,3648,0,3648,0,3648,0,13083,1000,0,180000,1,1.00,0,0,2432,,,CERTIFIED,13285,941.3,608,,,WL1_ORIGINAL,false,OFF,2432,GLOBAL,189456,
cfi-rigid-s2,graphs/cfi-rigid-s2/cfi-rigid-s2-2432-03-1,2432,25496,WL_DIST,1,42,608,608,4,4.00,5,9728,4864,188896,2496,8,6,203,941.3,3648,0,3648,0,3648,0,9459,1001,0,180000,1,1.00,0,0,2432,,,CERTIFIED,9667,941.3,608,,,WL1_ORIGINAL,false,OFF,2432,GLOBAL,188896,
cfi-rigid-s2,graphs/cfi-rigid-s2/cfi-rigid-s2-2432-03-2,2432,25496,WL_DIST,1,42,608,608,4,4.00,6,9728,4864,188896,2496,8,6,198,941.3,3648,0,3648,0,3648,0,14959,1001,0,180000,1,1.00,0,0,2432,,,CERTIFIED,15163,941.3,608,,,WL1_ORIGINAL,false,OFF,2432,GLOBAL,188896,
cfi-rigid-s2,graphs/cfi-rigid-s2/cfi-rigid-s2-2432-04-1,2432,25512,WL_DIST,1,42,608,608,4,4.00,5,9728,4864,189216,2496,8,6,225,941.3,3648,0,3648,0,3648,0,38173,1001,0,180000,1,1.00,0,0,2432,,,CERTIFIED,38403,941.3,608,,,WL1_ORIGINAL,false,OFF,2432,GLOBAL,189216,
cfi-rigid-s2,graphs/cfi-rigid-s2/cfi-rigid-s2-2432-04-2,2432,25512,WL_DIST,1,42,608,608,4,4.00,5,9728,4864,189216,2496,8,6,196,941.3,3648,0,3648,0,3648,0,36644,1000,0,180000,1,1.00,0,0,2432,,,CERTIFIED,36845,941.3,608,,,WL1_ORIGINAL,false,OFF,2432,GLOBAL,189216,
cfi-rigid-s2,graphs/cfi-rigid-s2/cfi-rigid-s2-2496-01-1,2496,26176,WL_DIST,1,42,624,624,4,4.00,5,9984,4992,194048,2336,8,6,196,941.3,3744,0,3744,0,3744,0,9081,1010,0,180000,1,1.00,0,0,2496,,,CERTIFIED,9282,941.3,624,,,WL1_ORIGINAL,false,OFF,2496,GLOBAL,194048,
cfi-rigid-s2,graphs/cfi-rigid-s2/cfi-rigid-s2-2496-01-2,2496,26176,WL_DIST,1,42,624,624,4,4.00,4,9984,4992,194048,2496,8,6,210,941.3,3744,0,3744,0,3744,0,10189,1004,0,180000,1,1.00,0,0,2496,,,CERTIFIED,10403,941.3,624,,,WL1_ORIGINAL,false,OFF,2496,GLOBAL,194048,
cfi-rigid-s2,graphs/cfi-rigid-s2/cfi-rigid-s2-2496-02-1,2496,26172,WL_DIST,1,42,624,624,4,4.00,5,9984,4992,193968,2496,8,6,202,941.3,3744,0,3744,0,3744,0,16449,1004,0,180000,1,1.00,0,0,2496,,,CERTIFIED,16656,941.3,624,,,WL1_ORIGINAL,false,OFF,2496,GLOBAL,193968,
cfi-rigid-s2,graphs/cfi-rigid-s2/cfi-rigid-s2-2496-02-2,2496,26172,WL_DIST,1,42,624,624,4,4.00,5,9984,4992,193968,2496,8,6,216,941.3,3744,0,3744,0,3744,0,10310,1034,0,180000,1,1.00,0,0,2496,,,CERTIFIED,10531,941.3,624,,,WL1_ORIGINAL,false,OFF,2496,GLOBAL,193968,
cfi-rigid-s2,graphs/cfi-rigid-s2/cfi-rigid-s2-2496-03-1,2496,26172,WL_DIST,1,42,624,624,4,4.00,5,9984,4992,193968,2496,8,6,236,941.3,3744,0,3744,0,3744,0,13592,1009,0,180000,1,1.00,0,0,2496,,,CERTIFIED,13833,941.3,624,,,WL1_ORIGINAL,false,OFF,2496,GLOBAL,193968,
cfi-rigid-s2,graphs/cfi-rigid-s2/cfi-rigid-s2-2496-03-2,2496,26172,WL_DIST,1,42,624,624,4,4.00,5,9984,4992,193968,2496,8,6,228,941.3,3744,0,3744,0,3744,0,15134,1013,0,180000,1,1.00,0,0,2496,,,CERTIFIED,15367,941.3,624,,,WL1_ORIGINAL,false,OFF,2496,GLOBAL,193968,
cfi-rigid-s2,graphs/cfi-rigid-s2/cfi-rigid-s2-2496-04-1,2496,26168,WL_DIST,1,42,624,624,4,4.00,5,9984,4992,193888,2496,8,6,187,941.3,3744,0,3744,0,3744,0,11163,1001,0,180000,1,1.00,0,0,2496,,,CERTIFIED,11355,941.3,624,,,WL1_ORIGINAL,false,OFF,2496,GLOBAL,193888,
cfi-rigid-s2,graphs/cfi-rigid-s2/cfi-rigid-s2-2496-04-2,2496,26168,WL_DIST,1,42,624,624,4,4.00,5,9984,4992,193888,2496,8,6,221,941.3,3744,0,3744,0,3744,0,22390,1012,0,180000,1,1.00,0,0,2496,,,CERTIFIED,22616,941.3,624,,,WL1_ORIGINAL,false,OFF,2496,GLOBAL,193888,
cfi-rigid-s2,graphs/cfi-rigid-s2/cfi-rigid-s2-2560-01-1,2560,26828,WL_DIST,1,42,640,640,4,4.00,5,10240,5120,198640,2496,8,6,181,941.3,3840,0,3840,0,3840,0,10731,1000,0,180000,1,1.00,0,0,2560,,,CERTIFIED,10917,953.6,640,,,WL1_ORIGINAL,false,OFF,2560,GLOBAL,198640,
cfi-rigid-s2,graphs/cfi-rigid-s2/cfi-rigid-s2-2560-01-2,2560,26828,WL_DIST,1,42,640,640,4,4.00,5,10240,5120,198640,2496,8,6,175,953.6,3840,0,3840,0,3840,0,10254,1012,0,180000,1,1.00,0,0,2560,,,CERTIFIED,10434,953.6,640,,,WL1_ORIGINAL,false,OFF,2560,GLOBAL,198640,
cfi-rigid-s2,graphs/cfi-rigid-s2/cfi-rigid-s2-2560-02-1,2560,26848,WL_DIST,1,42,640,640,4,4.00,5,10240,5120,199040,2496,8,6,218,953.6,3840,0,3840,0,3840,0,21955,1001,0,180000,1,1.00,0,0,2560,,,CERTIFIED,22178,953.6,640,,,WL1_ORIGINAL,false,OFF,2560,GLOBAL,199040,
cfi-rigid-s2,graphs/cfi-rigid-s2/cfi-rigid-s2-2560-02-2,2560,26848,WL_DIST,1,42,640,640,4,4.00,5,10240,5120,199040,2496,8,6,222,953.6,3840,0,3840,0,3840,0,22264,1001,0,180000,1,1.00,0,0,2560,,,CERTIFIED,22491,953.6,640,,,WL1_ORIGINAL,false,OFF,2560,GLOBAL,199040,
cfi-rigid-s2,graphs/cfi-rigid-s2/cfi-rigid-s2-2560-03-1,2560,26836,WL_DIST,1,42,640,640,4,4.00,6,10240,5120,198800,2496,8,6,233,953.6,3840,0,3840,0,3840,0,6924,1005,0,180000,1,1.00,0,0,2560,,,CERTIFIED,7163,953.6,640,,,WL1_ORIGINAL,false,OFF,2560,GLOBAL,198800,
cfi-rigid-s2,graphs/cfi-rigid-s2/cfi-rigid-s2-2560-03-2,2560,26836,WL_DIST,1,42,640,640,4,4.00,6,10240,5120,198800,2496,8,6,219,953.6,3840,0,3840,0,3840,0,10120,1001,0,180000,1,1.00,0,0,2560,,,CERTIFIED,10345,953.6,640,,,WL1_ORIGINAL,false,OFF,2560,GLOBAL,198800,
cfi-rigid-s2,graphs/cfi-rigid-s2/cfi-rigid-s2-2560-04-1,2560,26864,WL_DIST,1,42,640,640,4,4.00,5,10240,5120,199360,2496,8,6,229,953.6,3840,0,3840,0,3840,0,7385,1001,0,180000,1,1.00,0,0,2560,,,CERTIFIED,7619,953.6,640,,,WL1_ORIGINAL,false,OFF,2560,GLOBAL,199360,
cfi-rigid-s2,graphs/cfi-rigid-s2/cfi-rigid-s2-2560-04-2,2560,26864,WL_DIST,1,42,640,640,4,4.00,6,10240,5120,199360,2496,8,6,222,953.6,3840,0,3840,0,3840,0,15351,1009,0,180000,1,1.00,0,0,2560,,,CERTIFIED,15579,953.6,640,,,WL1_ORIGINAL,false,OFF,2560,GLOBAL,199360,
cfi-rigid-s2,graphs/cfi-rigid-s2/cfi-rigid-s2-2624-01-1,2624,27528,WL_DIST,1,42,656,656,4,4.00,5,10496,5248,204192,2496,8,6,212,953.6,3936,0,3936,0,3936,0,17987,1003,0,180000,1,1.00,0,0,2624,,,CERTIFIED,18204,953.6,656,,,WL1_ORIGINAL,false,OFF,2624,GLOBAL,204192,
cfi-rigid-s2,graphs/cfi-rigid-s2/cfi-rigid-s2-2624-01-2,2624,27528,WL_DIST,1,42,656,656,4,4.00,6,10496,5248,204192,2496,8,6,245,953.6,3936,0,3936,0,3936,0,23897,1011,0,180000,1,1.00,0,0,2624,,,CERTIFIED,24148,953.6,656,,,WL1_ORIGINAL,false,OFF,2624,GLOBAL,204192,
cfi-rigid-s2,graphs/cfi-rigid-s2/cfi-rigid-s2-2624-02-1,2624,27516,WL_DIST,1,42,656,656,4,4.00,5,10496,5248,203952,2496,8,6,216,953.6,3936,0,3936,0,3936,0,18077,1002,0,180000,1,1.00,0,0,2624,,,CERTIFIED,18298,953.6,656,,,WL1_ORIGINAL,false,OFF,2624,GLOBAL,203952,
cfi-rigid-s2,graphs/cfi-rigid-s2/cfi-rigid-s2-2624-02-2,2624,27516,WL_DIST,1,42,656,656,4,4.00,5,10496,5248,203952,2496,8,6,238,953.6,3936,0,3936,0,3936,0,11099,1004,0,180000,1,1.00,0,0,2624,,,CERTIFIED,11342,953.6,656,,,WL1_ORIGINAL,false,OFF,2624,GLOBAL,203952,
cfi-rigid-s2,graphs/cfi-rigid-s2/cfi-rigid-s2-2624-03-1,2624,27524,WL_DIST,1,42,656,656,4,4.00,5,10496,5248,204112,2496,8,6,217,953.6,3936,0,3936,0,3936,0,21107,1001,0,180000,1,1.00,0,0,2624,,,CERTIFIED,21329,953.6,656,,,WL1_ORIGINAL,false,OFF,2624,GLOBAL,204112,
cfi-rigid-s2,graphs/cfi-rigid-s2/cfi-rigid-s2-2624-03-2,2624,27524,WL_DIST,1,42,656,656,4,4.00,5,10496,5248,204112,2496,8,6,239,953.6,3936,0,3936,0,3936,0,29547,1004,0,180000,1,1.00,0,0,2624,,,CERTIFIED,29791,953.6,656,,,WL1_ORIGINAL,false,OFF,2624,GLOBAL,204112,
cfi-rigid-s2,graphs/cfi-rigid-s2/cfi-rigid-s2-2624-04-1,2624,27516,WL_DIST,1,42,656,656,4,4.00,5,10496,5248,203952,2496,8,6,195,953.6,3936,0,3936,0,3936,0,25812,1011,0,180000,1,1.00,0,0,2624,,,CERTIFIED,26012,953.6,656,,,WL1_ORIGINAL,false,OFF,2624,GLOBAL,203952,
cfi-rigid-s2,graphs/cfi-rigid-s2/cfi-rigid-s2-2624-04-2,2624,27516,WL_DIST,1,42,656,656,4,4.00,6,10496,5248,203952,2496,8,6,219,953.6,3936,0,3936,0,3936,0,46629,1010,0,180000,1,1.00,0,0,2624,,,CERTIFIED,46854,953.6,656,,,WL1_ORIGINAL,false,OFF,2624,GLOBAL,203952,
cfi-rigid-s2,graphs/cfi-rigid-s2/cfi-rigid-s2-2688-01-1,2688,28180,WL_DIST,1,42,672,672,4,4.00,6,10752,5376,208784,2496,8,6,250,953.6,4032,0,4032,0,4032,0,11114,1012,0,180000,1,1.00,0,0,2688,,,CERTIFIED,11370,953.6,672,,,WL1_ORIGINAL,false,OFF,2688,GLOBAL,208784,
cfi-rigid-s2,graphs/cfi-rigid-s2/cfi-rigid-s2-2688-01-2,2688,28180,WL_DIST,1,42,672,672,4,4.00,6,10752,5376,208784,2496,8,6,243,953.6,4032,0,4032,0,4032,0,19479,1000,0,180000,1,1.00,0,0,2688,,,CERTIFIED,19728,953.6,672,,,WL1_ORIGINAL,false,OFF,2688,GLOBAL,208784,
cfi-rigid-s2,graphs/cfi-rigid-s2/cfi-rigid-s2-2688-02-1,2688,28180,WL_DIST,1,42,672,672,4,4.00,6,10752,5376,208784,2496,8,6,242,984.3,4032,0,4032,0,4032,0,60427,1012,0,180000,1,1.00,0,0,2688,,,CERTIFIED,60675,1011.8,672,,,WL1_ORIGINAL,false,OFF,2688,GLOBAL,208784,
cfi-rigid-s2,graphs/cfi-rigid-s2/cfi-rigid-s2-2688-02-2,2688,28180,WL_DIST,1,42,672,672,4,4.00,5,10752,5376,208784,2496,8,6,191,1011.8,4032,0,4032,0,4032,0,21878,1004,0,180000,1,1.00,0,0,2688,,,CERTIFIED,22074,1012.3,672,,,WL1_ORIGINAL,false,OFF,2688,GLOBAL,208784,
cfi-rigid-s2,graphs/cfi-rigid-s2/cfi-rigid-s2-2688-03-1,2688,28192,WL_DIST,1,42,672,672,4,4.00,6,10752,5376,209024,2496,8,6,188,1012.3,4032,0,4032,0,4032,0,12227,1004,0,180000,1,1.00,0,0,2688,,,CERTIFIED,12421,1012.4,672,,,WL1_ORIGINAL,false,OFF,2688,GLOBAL,209024,
cfi-rigid-s2,graphs/cfi-rigid-s2/cfi-rigid-s2-2688-03-2,2688,28192,WL_DIST,1,42,672,672,4,4.00,6,10752,5376,209024,2496,8,6,191,1012.5,4032,0,4032,0,4032,0,8469,1002,0,180000,1,1.00,0,0,2688,,,CERTIFIED,8666,1012.5,672,,,WL1_ORIGINAL,false,OFF,2688,GLOBAL,209024,
cfi-rigid-s2,graphs/cfi-rigid-s2/cfi-rigid-s2-2688-04-1,2688,28152,WL_DIST,1,42,672,672,4,4.00,5,10752,5376,208224,2496,8,6,240,1012.5,4032,0,4032,0,4032,0,10297,1006,0,180000,1,1.00,0,0,2688,,,CERTIFIED,10542,1012.5,672,,,WL1_ORIGINAL,false,OFF,2688,GLOBAL,208224,
cfi-rigid-s2,graphs/cfi-rigid-s2/cfi-rigid-s2-2688-04-2,2688,28152,WL_DIST,1,42,672,672,4,4.00,11,10752,5376,208224,2496,8,6,226,1012.5,4032,0,4032,0,4032,0,19526,1005,0,180000,1,1.00,0,0,2688,,,CERTIFIED,19763,1012.5,672,,,WL1_ORIGINAL,false,OFF,2688,GLOBAL,208224,
cfi-rigid-s2,graphs/cfi-rigid-s2/cfi-rigid-s2-2752-01-1,2752,28856,WL_DIST,1,42,688,688,4,4.00,5,11008,5504,213856,2496,8,6,187,1012.5,4128,0,4128,0,4128,0,11750,1002,0,180000,1,1.00,0,0,2752,,,CERTIFIED,11942,1012.5,688,,,WL1_ORIGINAL,false,OFF,2752,GLOBAL,213856,
cfi-rigid-s2,graphs/cfi-rigid-s2/cfi-rigid-s2-2752-01-2,2752,28856,WL_DIST,1,42,688,688,4,4.00,5,11008,5504,213856,2496,8,6,186,1012.5,4128,0,4128,0,4128,0,21821,1006,0,180000,1,1.00,0,0,2752,,,CERTIFIED,22012,1012.5,688,,,WL1_ORIGINAL,false,OFF,2752,GLOBAL,213856,
cfi-rigid-s2,graphs/cfi-rigid-s2/cfi-rigid-s2-2752-02-1,2752,28876,WL_DIST,1,42,688,688,4,4.00,5,11008,5504,214256,2496,8,6,187,1012.5,4128,0,4128,0,4128,0,36507,1003,0,180000,1,1.00,0,0,2752,,,CERTIFIED,36699,1012.5,688,,,WL1_ORIGINAL,false,OFF,2752,GLOBAL,214256,
cfi-rigid-s2,graphs/cfi-rigid-s2/cfi-rigid-s2-2752-02-2,2752,28876,WL_DIST,1,42,688,688,4,4.00,5,11008,5504,214256,2496,8,6,230,1012.5,4128,0,4128,0,4128,0,26042,1013,0,180000,1,1.00,0,0,2752,,,CERTIFIED,26277,1012.5,688,,,WL1_ORIGINAL,false,OFF,2752,GLOBAL,214256,
cfi-rigid-s2,graphs/cfi-rigid-s2/cfi-rigid-s2-2752-03-1,2752,28876,WL_DIST,1,42,688,688,4,4.00,6,11008,5504,214256,2496,8,6,207,1012.5,4128,0,4128,0,4128,0,40025,1009,0,180000,1,1.00,0,0,2752,,,CERTIFIED,40238,1012.5,688,,,WL1_ORIGINAL,false,OFF,2752,GLOBAL,214256,
cfi-rigid-s2,graphs/cfi-rigid-s2/cfi-rigid-s2-2752-03-2,2752,28876,WL_DIST,1,42,688,688,4,4.00,5,11008,5504,214256,2496,8,6,190,1012.5,4128,0,4128,0,4128,0,15390,1003,0,180000,1,1.00,0,0,2752,,,CERTIFIED,15585,1012.5,688,,,WL1_ORIGINAL,false,OFF,2752,GLOBAL,214256,
cfi-rigid-s2,graphs/cfi-rigid-s2/cfi-rigid-s2-2752-04-1,2752,28868,WL_DIST,1,42,688,688,4,4.00,6,11008,5504,214096,2496,8,6,191,1012.5,4128,0,4128,0,4128,0,26672,1001,0,180000,1,1.00,0,0,2752,,,CERTIFIED,26869,1012.5,688,,,WL1_ORIGINAL,false,OFF,2752,GLOBAL,214096,
cfi-rigid-s2,graphs/cfi-rigid-s2/cfi-rigid-s2-2752-04-2,2752,28868,WL_DIST,1,42,688,688,4,4.00,6,11008,5504,214096,2496,8,6,192,1012.5,4128,0,4128,0,4128,0,17815,1007,0,180000,1,1.00,0,0,2752,,,CERTIFIED,18013,1012.5,688,,,WL1_ORIGINAL,false,OFF,2752,GLOBAL,214096,
cfi-rigid-s2,graphs/cfi-rigid-s2/cfi-rigid-s2-2816-01-1,2816,29536,WL_DIST,1,42,704,704,4,4.00,6,11264,5632,219008,2496,8,6,234,1012.5,4224,0,4224,0,4224,0,37013,1001,0,180000,1,1.00,0,0,2816,,,CERTIFIED,37253,1012.5,704,,,WL1_ORIGINAL,false,OFF,2816,GLOBAL,219008,
cfi-rigid-s2,graphs/cfi-rigid-s2/cfi-rigid-s2-2816-01-2,2816,29536,WL_DIST,1,42,704,704,4,4.00,6,11264,5632,219008,2496,8,6,203,1012.5,4224,0,4224,0,4224,0,35724,1016,0,180000,1,1.00,0,0,2816,,,CERTIFIED,35933,1034.4,704,,,WL1_ORIGINAL,false,OFF,2816,GLOBAL,219008,
cfi-rigid-s2,graphs/cfi-rigid-s2/cfi-rigid-s2-2816-02-1,2816,29544,WL_DIST,1,42,704,704,4,4.00,6,11264,5632,219168,2496,8,6,200,1034.5,4224,0,4224,0,4224,0,16696,1013,0,180000,1,1.00,0,0,2816,,,CERTIFIED,16902,1034.6,704,,,WL1_ORIGINAL,false,OFF,2816,GLOBAL,219168,
cfi-rigid-s2,graphs/cfi-rigid-s2/cfi-rigid-s2-2816-02-2,2816,29544,WL_DIST,1,42,704,704,4,4.00,6,11264,5632,219168,2496,8,6,162,1034.6,4224,0,4224,0,4224,0,39430,1001,0,180000,1,1.00,0,0,2816,,,CERTIFIED,39598,1033.7,704,,,WL1_ORIGINAL,false,OFF,2816,GLOBAL,219168,
cfi-rigid-s2,graphs/cfi-rigid-s2/cfi-rigid-s2-2816-03-1,2816,29540,WL_DIST,1,42,704,704,4,4.00,5,11264,5632,219088,2496,8,6,198,1033.7,4224,0,4224,0,4224,0,99685,1007,0,180000,1,1.00,0,0,2816,,,CERTIFIED,99888,1033.7,704,,,WL1_ORIGINAL,false,OFF,2816,GLOBAL,219088,
cfi-rigid-s2,graphs/cfi-rigid-s2/cfi-rigid-s2-2816-03-2,2816,29540,WL_DIST,1,42,704,704,4,4.00,6,11264,5632,219088,2496,8,6,253,1033.7,4224,0,4224,0,4224,0,64380,1010,0,180000,1,1.00,0,0,2816,,,CERTIFIED,64639,1033.7,704,,,WL1_ORIGINAL,false,OFF,2816,GLOBAL,219088,
cfi-rigid-s2,graphs/cfi-rigid-s2/cfi-rigid-s2-2816-04-1,2816,29540,WL_DIST,1,42,704,704,4,4.00,6,11264,5632,219088,2496,8,6,239,1033.7,4224,0,4224,0,4224,0,26661,1004,0,180000,1,1.00,0,0,2816,,,CERTIFIED,26906,1033.7,704,,,WL1_ORIGINAL,false,OFF,2816,GLOBAL,219088,
cfi-rigid-s2,graphs/cfi-rigid-s2/cfi-rigid-s2-2816-04-2,2816,29540,WL_DIST,1,42,704,704,4,4.00,5,11264,5632,219088,2496,8,6,239,1033.7,4224,0,4224,0,4224,0,23848,1001,0,180000,1,1.00,0,0,2816,,,CERTIFIED,24092,1033.7,704,,,WL1_ORIGINAL,false,OFF,2816,GLOBAL,219088,
cfi-rigid-s2,graphs/cfi-rigid-s2/cfi-rigid-s2-2880-01-1,2880,30216,WL_DIST,1,42,720,720,4,4.00,6,11520,5760,224160,2496,8,6,240,1033.7,4320,0,4320,0,4320,0,21774,1012,0,180000,1,1.00,0,0,2880,,,CERTIFIED,22020,1033.7,720,,,WL1_ORIGINAL,false,OFF,2880,GLOBAL,224160,
cfi-rigid-s2,graphs/cfi-rigid-s2/cfi-rigid-s2-2880-01-2,2880,30216,WL_DIST,1,42,720,720,4,4.00,7,11520,5760,224160,2496,8,6,239,1033.7,4320,0,4320,0,4320,0,36706,1009,0,180000,1,1.00,0,0,2880,,,CERTIFIED,36952,1033.7,720,,,WL1_ORIGINAL,false,OFF,2880,GLOBAL,224160,
cfi-rigid-s2,graphs/cfi-rigid-s2/cfi-rigid-s2-2880-02-1,2880,30200,WL_DIST,1,42,720,720,4,4.00,5,11520,5760,223840,2496,8,6,247,1033.7,4320,0,4320,0,4320,0,22602,1012,0,180000,1,1.00,0,0,2880,,,CERTIFIED,22854,1033.7,720,,,WL1_ORIGINAL,false,OFF,2880,GLOBAL,223840,
cfi-rigid-s2,graphs/cfi-rigid-s2/cfi-rigid-s2-2880-02-2,2880,30200,WL_DIST,1,42,720,720,4,4.00,6,11520,5760,223840,2496,8,6,247,1033.7,4320,0,4320,0,4320,0,35304,1017,0,180000,1,1.00,0,0,2880,,,CERTIFIED,35557,1033.7,720,,,WL1_ORIGINAL,false,OFF,2880,GLOBAL,223840,
cfi-rigid-s2,graphs/cfi-rigid-s2/cfi-rigid-s2-2880-03-1,2880,30172,WL_DIST,1,42,720,720,4,4.00,6,11520,5760,223280,2496,8,6,246,1033.7,4320,0,4320,0,4320,0,24893,1019,0,180000,1,1.00,0,0,2880,,,CERTIFIED,25145,1033.7,720,,,WL1_ORIGINAL,false,OFF,2880,GLOBAL,223280,
cfi-rigid-s2,graphs/cfi-rigid-s2/cfi-rigid-s2-2880-03-2,2880,30172,WL_DIST,1,42,720,720,4,4.00,6,11520,5760,223280,2496,8,6,251,1033.7,4320,0,4320,0,4320,0,23641,1001,0,180000,1,1.00,0,0,2880,,,CERTIFIED,23898,1033.7,720,,,WL1_ORIGINAL,false,OFF,2880,GLOBAL,223280,
cfi-rigid-s2,graphs/cfi-rigid-s2/cfi-rigid-s2-2880-04-1,2880,30196,WL_DIST,1,42,720,720,4,4.00,6,11520,5760,223760,2496,8,6,246,1033.7,4320,0,4320,0,4320,0,19596,1005,0,180000,1,1.00,0,0,2880,,,CERTIFIED,19848,1033.7,720,,,WL1_ORIGINAL,false,OFF,2880,GLOBAL,223760,
cfi-rigid-s2,graphs/cfi-rigid-s2/cfi-rigid-s2-2880-04-2,2880,30196,WL_DIST,1,42,720,720,4,4.00,6,11520,5760,223760,2496,8,6,238,1033.7,4320,0,4320,0,4320,0,50151,1002,0,180000,1,1.00,0,0,2880,,,CERTIFIED,50395,1033.7,720,,,WL1_ORIGINAL,false,OFF,2880,GLOBAL,223760,
cfi-rigid-s2,graphs/cfi-rigid-s2/cfi-rigid-s2-2944-01-1,2944,30864,WL_DIST,1,42,736,736,4,4.00,6,11776,5888,228672,2496,8,6,280,1033.7,4416,0,4416,0,4416,0,24995,1012,0,180000,1,1.00,0,0,2944,,,CERTIFIED,25281,1033.7,736,,,WL1_ORIGINAL,false,OFF,2944,GLOBAL,228672,
cfi-rigid-s2,graphs/cfi-rigid-s2/cfi-rigid-s2-2944-01-2,2944,30864,WL_DIST,1,42,736,736,4,4.00,7,11776,5888,228672,2496,8,6,249,1033.7,4416,0,4416,0,4416,0,52729,1004,0,180000,1,1.00,0,0,2944,,,CERTIFIED,52985,1033.7,736,,,WL1_ORIGINAL,false,OFF,2944,GLOBAL,228672,
cfi-rigid-s2,graphs/cfi-rigid-s2/cfi-rigid-s2-2944-02-1,2944,30880,WL_DIST,1,42,736,736,4,4.00,7,11776,5888,228992,2496,8,6,252,1033.7,4416,0,4416,0,4416,0,42158,1014,0,180000,1,1.00,0,0,2944,,,CERTIFIED,42417,1033.7,736,,,WL1_ORIGINAL,false,OFF,2944,GLOBAL,228992,
cfi-rigid-s2,graphs/cfi-rigid-s2/cfi-rigid-s2-2944-02-2,2944,30880,WL_DIST,1,42,736,736,4,4.00,6,11776,5888,228992,2496,8,6,266,1033.7,4416,0,4416,0,4416,0,49933,1026,0,180000,1,1.00,0,0,2944,,,CERTIFIED,50205,1033.7,736,,,WL1_ORIGINAL,false,OFF,2944,GLOBAL,228992,
cfi-rigid-s2,graphs/cfi-rigid-s2/cfi-rigid-s2-2944-03-1,2944,30888,WL_DIST,1,42,736,736,4,4.00,6,11776,5888,229152,2496,8,6,268,1033.7,4416,0,4416,0,4416,0,20416,1002,0,180000,1,1.00,0,0,2944,,,CERTIFIED,20690,1033.7,736,,,WL1_ORIGINAL,false,OFF,2944,GLOBAL,229152,
cfi-rigid-s2,graphs/cfi-rigid-s2/cfi-rigid-s2-2944-03-2,2944,30888,WL_DIST,1,42,736,736,4,4.00,5,11776,5888,229152,2496,8,6,231,1033.7,4416,0,4416,0,4416,0,12620,1006,0,180000,1,1.00,0,0,2944,,,CERTIFIED,12856,1033.7,736,,,WL1_ORIGINAL,false,OFF,2944,GLOBAL,229152,
cfi-rigid-s2,graphs/cfi-rigid-s2/cfi-rigid-s2-2944-04-1,2944,30876,WL_DIST,1,42,736,736,4,4.00,6,11776,5888,228912,2496,8,6,260,1033.7,4416,0,4416,0,4416,0,27558,1007,0,180000,1,1.00,0,0,2944,,,CERTIFIED,27824,1033.7,736,,,WL1_ORIGINAL,false,OFF,2944,GLOBAL,228912,
cfi-rigid-s2,graphs/cfi-rigid-s2/cfi-rigid-s2-2944-04-2,2944,30876,WL_DIST,1,42,736,736,4,4.00,6,11776,5888,228912,2336,8,6,243,1033.7,4416,0,4416,0,4416,0,21823,1002,0,180000,1,1.00,0,0,2944,,,CERTIFIED,22072,1033.7,736,,,WL1_ORIGINAL,false,OFF,2944,GLOBAL,228912,
cfi-rigid-s2,graphs/cfi-rigid-s2/cfi-rigid-s2-3008-01-1,3008,31560,WL_DIST,1,42,752,752,4,4.00,6,12032,6016,234144,2496,8,6,253,1033.7,4512,0,4512,0,4512,0,40315,1005,0,180000,1,1.00,0,0,3008,,,CERTIFIED,40574,1033.7,752,,,WL1_ORIGINAL,false,OFF,3008,GLOBAL,234144,
cfi-rigid-s2,graphs/cfi-rigid-s2/cfi-rigid-s2-3008-01-2,3008,31560,WL_DIST,1,42,752,752,4,4.00,7,12032,6016,234144,2496,8,6,258,1033.7,4512,0,4512,0,4512,0,73736,1015,0,180000,1,1.00,0,0,3008,,,CERTIFIED,74001,1033.7,752,,,WL1_ORIGINAL,false,OFF,3008,GLOBAL,234144,
cfi-rigid-s2,graphs/cfi-rigid-s2/cfi-rigid-s2-3008-02-1,3008,31540,WL_DIST,1,42,752,752,4,4.00,7,12032,6016,233744,2336,8,6,250,1033.7,4512,0,4512,0,4512,0,288657,1005,0,180000,1,1.00,0,0,3008,,,CERTIFIED,288914,1033.7,752,,,WL1_ORIGINAL,false,OFF,3008,GLOBAL,233744,
cfi-rigid-s2,graphs/cfi-rigid-s2/cfi-rigid-s2-3008-02-2,3008,31540,WL_DIST,1,42,752,752,4,4.00,7,12032,6016,233744,2336,8,6,277,1033.7,4512,0,4512,0,4512,0,43036,1011,0,180000,1,1.00,0,0,3008,,,CERTIFIED,43320,1033.7,752,,,WL1_ORIGINAL,false,OFF,3008,GLOBAL,233744,
cfi-rigid-s2,graphs/cfi-rigid-s2/cfi-rigid-s2-3008-03-1,3008,31540,WL_DIST,1,42,752,752,4,4.00,6,12032,6016,233744,2496,8,6,261,1033.7,4512,0,4512,0,4512,0,19693,1003,0,180000,1,1.00,0,0,3008,,,CERTIFIED,19960,1033.7,752,,,WL1_ORIGINAL,false,OFF,3008,GLOBAL,233744,
cfi-rigid-s2,graphs/cfi-rigid-s2/cfi-rigid-s2-3008-03-2,3008,31540,WL_DIST,1,42,752,752,4,4.00,6,12032,6016,233744,2336,8,6,246,1033.7,4512,0,4512,0,4512,0,36728,1011,0,180000,1,1.00,0,0,3008,,,CERTIFIED,36980,1033.7,752,,,WL1_ORIGINAL,false,OFF,3008,GLOBAL,233744,
cfi-rigid-s2,graphs/cfi-rigid-s2/cfi-rigid-s2-3008-04-1,3008,31556,WL_DIST,1,42,752,752,4,4.00,6,12032,6016,234064,2496,8,6,245,1033.7,4512,0,4512,0,4512,0,80875,1001,0,180000,1,1.00,0,0,3008,,,CERTIFIED,81126,1033.7,752,,,WL1_ORIGINAL,false,OFF,3008,GLOBAL,234064,
cfi-rigid-s2,graphs/cfi-rigid-s2/cfi-rigid-s2-3008-04-2,3008,31556,WL_DIST,1,42,752,752,4,4.00,6,12032,6016,234064,2496,8,6,251,1033.7,4512,0,4512,0,4512,0,23583,1022,0,180000,1,1.00,0,0,3008,,,CERTIFIED,23840,1033.7,752,,,WL1_ORIGINAL,false,OFF,3008,GLOBAL,234064,
cfi-rigid-s2,graphs/cfi-rigid-s2/cfi-rigid-s2-3072-01-1,3072,32228,WL_DIST,1,42,768,768,4,4.00,16,12288,6144,239056,2496,8,6,268,1033.7,4608,0,4608,0,4608,0,81682,1021,0,180000,1,1.00,0,0,3072,,,CERTIFIED,81966,1033.7,768,,,WL1_ORIGINAL,false,OFF,3072,GLOBAL,239056,
cfi-rigid-s2,graphs/cfi-rigid-s2/cfi-rigid-s2-3072-01-2,3072,32228,WL_DIST,1,42,768,768,4,4.00,16,12288,6144,239056,2496,8,6,319,1033.7,4608,0,4608,0,4608,0,137779,1026,0,180000,1,1.00,0,0,3072,,,CERTIFIED,138114,1033.7,768,,,WL1_ORIGINAL,false,OFF,3072,GLOBAL,239056,
cfi-rigid-s2,graphs/cfi-rigid-s2/cfi-rigid-s2-3072-02-1,3072,32224,WL_DIST,1,42,768,768,4,4.00,15,12288,6144,238976,2496,8,6,288,1033.7,4608,0,4608,0,4608,0,60334,1001,0,180000,1,1.00,0,0,3072,,,CERTIFIED,60637,1033.7,768,,,WL1_ORIGINAL,false,OFF,3072,GLOBAL,238976,
cfi-rigid-s2,graphs/cfi-rigid-s2/cfi-rigid-s2-3072-02-2,3072,32224,WL_DIST,1,42,768,768,4,4.00,9,12288,6144,238976,2496,8,6,308,1033.7,4608,0,4608,0,4608,0,39830,1022,0,180000,1,1.00,0,0,3072,,,CERTIFIED,40147,1033.7,768,,,WL1_ORIGINAL,false,OFF,3072,GLOBAL,238976,
cfi-rigid-s2,graphs/cfi-rigid-s2/cfi-rigid-s2-3072-03-1,3072,32224,WL_DIST,1,42,768,768,4,4.00,13,12288,6144,238976,2496,8,6,270,1033.7,4608,0,4608,0,4608,0,39037,1009,0,180000,1,1.00,0,0,3072,,,CERTIFIED,39320,1033.7,768,,,WL1_ORIGINAL,false,OFF,3072,GLOBAL,238976,
cfi-rigid-s2,graphs/cfi-rigid-s2/cfi-rigid-s2-3072-03-2,3072,32224,WL_DIST,1,42,768,768,4,4.00,8,12288,6144,238976,2496,8,6,254,1033.7,4608,0,4608,0,4608,0,92448,1013,0,180000,1,1.00,0,0,3072,,,CERTIFIED,92710,1033.7,768,,,WL1_ORIGINAL,false,OFF,3072,GLOBAL,238976,
cfi-rigid-s2,graphs/cfi-rigid-s2/cfi-rigid-s2-3072-04-1,3072,32228,WL_DIST,1,42,768,768,4,4.00,7,12288,6144,239056,2336,8,6,259,1033.7,4608,0,4608,0,4608,0,37307,1010,0,180000,1,1.00,0,0,3072,,,CERTIFIED,37573,1033.7,768,,,WL1_ORIGINAL,false,OFF,3072,GLOBAL,239056,
cfi-rigid-s2,graphs/cfi-rigid-s2/cfi-rigid-s2-3072-04-2,3072,32228,WL_DIST,1,42,768,768,4,4.00,7,12288,6144,239056,2496,8,6,264,1033.7,4608,0,4608,0,4608,0,49100,1013,0,180000,1,1.00,0,0,3072,,,CERTIFIED,49371,1033.7,768,,,WL1_ORIGINAL,false,OFF,3072,GLOBAL,239056,
cfi-rigid-s2,graphs/cfi-rigid-s2/cfi-rigid-s2-3136-01-1,3136,32892,WL_DIST,1,42,784,784,4,4.00,7,12544,6272,243888,2496,8,6,257,1033.7,4704,0,4704,0,4704,0,40663,1001,0,180000,1,1.00,0,0,3136,,,CERTIFIED,40927,1033.7,784,,,WL1_ORIGINAL,false,OFF,3136,GLOBAL,243888,
cfi-rigid-s2,graphs/cfi-rigid-s2/cfi-rigid-s2-3136-01-2,3136,32892,WL_DIST,1,42,784,784,4,4.00,7,12544,6272,243888,2496,8,6,259,1033.7,4704,0,4704,0,4704,0,78464,1026,0,180000,1,1.00,0,0,3136,,,CERTIFIED,78730,1033.7,784,,,WL1_ORIGINAL,false,OFF,3136,GLOBAL,243888,
cfi-rigid-s2,graphs/cfi-rigid-s2/cfi-rigid-s2-3136-02-1,3136,32912,WL_DIST,1,42,784,784,4,4.00,10,12544,6272,244288,2496,8,6,248,1033.7,4704,0,4704,0,4704,0,80995,1010,0,180000,1,1.00,0,0,3136,,,CERTIFIED,81253,1033.7,784,,,WL1_ORIGINAL,false,OFF,3136,GLOBAL,244288,
cfi-rigid-s2,graphs/cfi-rigid-s2/cfi-rigid-s2-3136-02-2,3136,32912,WL_DIST,1,42,784,784,4,4.00,6,12544,6272,244288,2496,8,6,253,1033.7,4704,0,4704,0,4704,0,226785,1009,0,180000,1,1.00,0,0,3136,,,CERTIFIED,227044,1033.7,784,,,WL1_ORIGINAL,false,OFF,3136,GLOBAL,244288,
cfi-rigid-s2,graphs/cfi-rigid-s2/cfi-rigid-s2-3136-03-1,3136,32908,WL_DIST,1,42,784,784,4,4.00,7,12544,6272,244208,2496,8,6,283,1033.7,4704,0,4704,0,4704,0,125581,1003,0,180000,1,1.00,0,0,3136,,,CERTIFIED,125871,1033.7,784,,,WL1_ORIGINAL,false,OFF,3136,GLOBAL,244208,
cfi-rigid-s2,graphs/cfi-rigid-s2/cfi-rigid-s2-3136-03-2,3136,32908,WL_DIST,1,42,784,784,4,4.00,7,12544,6272,244208,2496,8,6,271,1033.7,4704,0,4704,0,4704,0,111938,1011,0,180000,1,1.00,0,0,3136,,,CERTIFIED,112216,1033.7,784,,,WL1_ORIGINAL,false,OFF,3136,GLOBAL,244208,
cfi-rigid-s2,graphs/cfi-rigid-s2/cfi-rigid-s2-3136-04-1,3136,32888,WL_DIST,1,42,784,784,4,4.00,7,12544,6272,243808,2496,8,6,262,1033.7,4704,0,4704,0,4704,0,38782,1001,0,180000,1,1.00,0,0,3136,,,CERTIFIED,39051,1033.7,784,,,WL1_ORIGINAL,false,OFF,3136,GLOBAL,243808,
cfi-rigid-s2,graphs/cfi-rigid-s2/cfi-rigid-s2-3136-04-2,3136,32888,WL_DIST,1,42,784,784,4,4.00,6,12544,6272,243808,2496,8,6,265,1033.7,4704,0,4704,0,4704,0,87093,1016,0,180000,1,1.00,0,0,3136,,,CERTIFIED,87364,1033.7,784,,,WL1_ORIGINAL,false,OFF,3136,GLOBAL,243808,
cfi-rigid-s2,graphs/cfi-rigid-s2/cfi-rigid-s2-3200-01-1,3200,33568,WL_DIST,1,42,800,800,4,4.00,7,12800,6400,248960,2496,8,6,284,1033.7,4800,0,4800,0,4800,0,72032,1010,0,180000,1,1.00,0,0,3200,,,CERTIFIED,72323,1033.7,800,,,WL1_ORIGINAL,false,OFF,3200,GLOBAL,248960,
cfi-rigid-s2,graphs/cfi-rigid-s2/cfi-rigid-s2-3200-01-2,3200,33568,WL_DIST,1,42,800,800,4,4.00,7,12800,6400,248960,2496,8,6,287,1033.7,4800,0,4800,0,4800,0,102756,1017,0,180000,1,1.00,0,0,3200,,,CERTIFIED,103050,1033.7,800,,,WL1_ORIGINAL,false,OFF,3200,GLOBAL,248960,
cfi-rigid-s2,graphs/cfi-rigid-s2/cfi-rigid-s2-3200-02-1,3200,33564,WL_DIST,1,42,799,799,8,4.01,6,12832,6400,249792,2496,8,6,279,1033.7,4804,4,4824,4,4800,0,123345,1017,0,180000,1,1.00,4,0,3196,,,CERTIFIED,123630,1033.7,799,,,WL1_ORIGINAL,false,OFF,3200,GLOBAL,249792,
cfi-rigid-s2,graphs/cfi-rigid-s2/cfi-rigid-s2-3200-02-2,3200,33564,WL_DIST,1,42,799,799,8,4.01,14,12832,6400,249792,2496,8,6,263,1033.7,4796,6,4830,2,4794,0,27595,1010,0,180000,1,1.00,2,0,3196,,,CERTIFIED,27872,1033.7,799,,,WL1_ORIGINAL,false,OFF,3200,GLOBAL,249792,
cfi-rigid-s2,graphs/cfi-rigid-s2/cfi-rigid-s2-3200-03-1,3200,33564,WL_DIST,1,42,800,800,4,4.00,7,12800,6400,248880,2496,8,6,272,1033.7,4800,0,4800,0,4800,0,35664,1048,0,180000,1,1.00,0,0,3200,,,CERTIFIED,35943,1033.7,800,,,WL1_ORIGINAL,false,OFF,3200,GLOBAL,248880,
cfi-rigid-s2,graphs/cfi-rigid-s2/cfi-rigid-s2-3200-03-2,3200,33564,WL_DIST,1,42,800,800,4,4.00,7,12800,6400,248880,2496,8,6,278,1065.4,4800,0,4800,0,4800,0,47831,1008,0,180000,1,1.00,0,0,3200,,,CERTIFIED,48116,1065.4,800,,,WL1_ORIGINAL,false,OFF,3200,GLOBAL,248880,
cfi-rigid-s2,graphs/cfi-rigid-s2/cfi-rigid-s2-3200-04-1,3200,33564,WL_DIST,1,42,800,800,4,4.00,7,12800,6400,248880,2496,8,6,272,1065.4,4800,0,4800,0,4800,0,105530,1003,0,180000,1,1.00,0,0,3200,,,CERTIFIED,105809,1065.4,800,,,WL1_ORIGINAL,false,OFF,3200,GLOBAL,248880,
cfi-rigid-s2,graphs/cfi-rigid-s2/cfi-rigid-s2-3200-04-2,3200,33564,WL_DIST,1,42,800,800,4,4.00,6,12800,6400,248880,2496,8,6,293,1065.4,4800,0,4800,0,4800,0,212250,1015,0,180000,1,1.00,0,0,3200,,,CERTIFIED,212549,1065.4,800,,,WL1_ORIGINAL,false,OFF,3200,GLOBAL,248880,
cfi-rigid-s2,graphs/cfi-rigid-s2/cfi-rigid-s2-3264-01-1,3264,34228,WL_DIST,1,42,816,816,4,4.00,6,13056,6528,253712,2496,8,6,279,1065.4,4896,0,4896,0,4896,0,157499,1006,0,180000,1,1.00,0,0,3264,,,CERTIFIED,157784,1065.4,816,,,WL1_ORIGINAL,false,OFF,3264,GLOBAL,253712,
cfi-rigid-s2,graphs/cfi-rigid-s2/cfi-rigid-s2-3264-01-2,3264,34228,WL_DIST,1,42,816,816,4,4.00,7,13056,6528,253712,2496,8,6,274,1065.4,4896,0,4896,0,4896,0,69376,1004,0,180000,1,1.00,0,0,3264,,,CERTIFIED,69657,1065.4,816,,,WL1_ORIGINAL,false,OFF,3264,GLOBAL,253712,
cfi-rigid-s2,graphs/cfi-rigid-s2/cfi-rigid-s2-3264-02-1,3264,34244,WL_DIST,1,42,816,816,4,4.00,7,13056,6528,254032,2496,8,6,281,1065.4,4896,0,4896,0,4896,0,217091,1016,0,180000,1,1.00,0,0,3264,,,CERTIFIED,217379,1065.4,816,,,WL1_ORIGINAL,false,OFF,3264,GLOBAL,254032,
cfi-rigid-s2,graphs/cfi-rigid-s2/cfi-rigid-s2-3264-02-2,3264,34244,WL_DIST,1,42,816,816,4,4.00,7,13056,6528,254032,2496,8,6,276,1065.4,4896,0,4896,0,4896,0,203317,1005,0,180000,1,1.00,0,0,3264,,,CERTIFIED,203600,1065.4,816,,,WL1_ORIGINAL,false,OFF,3264,GLOBAL,254032,
cfi-rigid-s2,graphs/cfi-rigid-s2/cfi-rigid-s2-3264-03-1,3264,34256,WL_DIST,1,42,816,816,4,4.00,7,13056,6528,254272,2496,8,6,269,1065.4,4896,0,4896,0,4896,0,104459,1008,0,180000,1,1.00,0,0,3264,,,CERTIFIED,104735,1065.4,816,,,WL1_ORIGINAL,false,OFF,3264,GLOBAL,254272,
cfi-rigid-s2,graphs/cfi-rigid-s2/cfi-rigid-s2-3264-03-2,3264,34256,WL_DIST,1,42,816,816,4,4.00,7,13056,6528,254272,2496,8,6,257,1065.4,4896,0,4896,0,4896,0,426917,1014,0,180000,1,1.00,0,0,3264,,,CERTIFIED,427181,1065.4,816,,,WL1_ORIGINAL,false,OFF,3264,GLOBAL,254272,
cfi-rigid-s2,graphs/cfi-rigid-s2/cfi-rigid-s2-3264-04-1,3264,34240,WL_DIST,1,42,816,816,4,4.00,7,13056,6528,253952,2496,8,6,264,1065.4,4896,0,4896,0,4896,0,134542,1004,0,180000,1,1.00,0,0,3264,,,CERTIFIED,134813,1065.4,816,,,WL1_ORIGINAL,false,OFF,3264,GLOBAL,253952,
cfi-rigid-s2,graphs/cfi-rigid-s2/cfi-rigid-s2-3264-04-2,3264,34240,WL_DIST,1,42,816,816,4,4.00,7,13056,6528,253952,2496,8,6,276,1065.4,4896,0,4896,0,4896,0,182953,1016,0,180000,1,1.00,0,0,3264,,,CERTIFIED,183236,1065.4,816,,,WL1_ORIGINAL,false,OFF,3264,GLOBAL,253952,
cfi-rigid-s2,graphs/cfi-rigid-s2/cfi-rigid-s2-3328-01-1,3328,34900,WL_DIST,1,42,832,832,4,4.00,7,13312,6656,258704,2336,8,6,282,1065.4,4992,0,4992,0,4992,0,159722,1014,0,180000,1,1.00,0,0,3328,,,CERTIFIED,160011,1065.4,832,,,WL1_ORIGINAL,false,OFF,3328,GLOBAL,258704,
cfi-rigid-s2,graphs/cfi-rigid-s2/cfi-rigid-s2-3328-01-2,3328,34900,WL_DIST,1,42,832,832,4,4.00,7,13312,6656,258704,2496,8,6,271,1065.4,4992,0,4992,0,4992,0,194952,1013,0,180000,1,1.00,0,0,3328,,,CERTIFIED,195230,1065.4,832,,,WL1_ORIGINAL,false,OFF,3328,GLOBAL,258704,
cfi-rigid-s2,graphs/cfi-rigid-s2/cfi-rigid-s2-3328-02-1,3328,34916,WL_DIST,1,42,832,832,4,4.00,6,13312,6656,259024,2496,8,6,257,1065.4,4992,0,4992,0,4992,0,407076,1004,0,180000,1,1.00,0,0,3328,,,CERTIFIED,407339,1065.4,832,,,WL1_ORIGINAL,false,OFF,3328,GLOBAL,259024,
cfi-rigid-s2,graphs/cfi-rigid-s2/cfi-rigid-s2-3328-02-2,3328,34916,WL_DIST,1,42,832,832,4,4.00,7,13312,6656,259024,2496,8,6,271,1065.4,4992,0,4992,0,4992,0,76186,1009,0,180000,1,1.00,0,0,3328,,,CERTIFIED,76464,1065.4,832,,,WL1_ORIGINAL,false,OFF,3328,GLOBAL,259024,
cfi-rigid-s2,graphs/cfi-rigid-s2/cfi-rigid-s2-3328-03-1,3328,34916,WL_DIST,1,42,832,832,4,4.00,7,13312,6656,259024,2496,8,6,285,1065.4,4992,0,4992,0,4992,0,60175,1013,0,180000,1,1.00,0,0,3328,,,CERTIFIED,60467,1065.4,832,,,WL1_ORIGINAL,false,OFF,3328,GLOBAL,259024,
cfi-rigid-s2,graphs/cfi-rigid-s2/cfi-rigid-s2-3328-03-2,3328,34916,WL_DIST,1,42,832,832,4,4.00,7,13312,6656,259024,2496,8,6,270,1065.4,4992,0,4992,0,4992,0,226713,1012,0,180000,1,1.00,0,0,3328,,,CERTIFIED,226990,1065.4,832,,,WL1_ORIGINAL,false,OFF,3328,GLOBAL,259024,
cfi-rigid-s2,graphs/cfi-rigid-s2/cfi-rigid-s2-3328-04-1,3328,34900,WL_DIST,1,42,832,832,4,4.00,7,13312,6656,258704,2496,8,6,287,1065.4,4992,0,4992,0,4992,0,120905,1009,0,180000,1,1.00,0,0,3328,,,CERTIFIED,121199,1065.4,832,,,WL1_ORIGINAL,false,OFF,3328,GLOBAL,258704,
cfi-rigid-s2,graphs/cfi-rigid-s2/cfi-rigid-s2-3328-04-2,3328,34900,WL_DIST,1,42,832,832,4,4.00,7,13312,6656,258704,2496,8,6,277,1065.4,4992,0,4992,0,4992,0,115877,1015,0,180000,1,1.00,0,0,3328,,,CERTIFIED,116161,1065.4,832,,,WL1_ORIGINAL,false,OFF,3328,GLOBAL,258704,
cfi-rigid-s2,graphs/cfi-rigid-s2/cfi-rigid-s2-3392-01-1,3392,35588,WL_DIST,1,42,848,848,4,4.00,7,13568,6784,264016,2496,8,6,277,1065.4,5088,0,5088,0,5088,0,60063,1021,0,180000,1,1.00,0,0,3392,,,CERTIFIED,60347,1068.1,848,,,WL1_ORIGINAL,false,OFF,3392,GLOBAL,264016,
cfi-rigid-s2,graphs/cfi-rigid-s2/cfi-rigid-s2-3392-01-2,3392,35588,WL_DIST,1,42,848,848,4,4.00,8,13568,6784,264016,2496,8,6,284,1068.1,5088,0,5088,0,5088,0,23304,1013,0,180000,1,1.00,0,0,3392,,,CERTIFIED,23596,1068.1,848,,,WL1_ORIGINAL,false,OFF,3392,GLOBAL,264016,
cfi-rigid-s2,graphs/cfi-rigid-s2/cfi-rigid-s2-3392-02-1,3392,35588,WL_DIST,1,42,848,848,4,4.00,7,13568,6784,264016,2496,8,6,280,1068.1,5088,0,5088,0,5088,0,196212,1015,0,180000,1,1.00,0,0,3392,,,CERTIFIED,196499,1068.1,848,,,WL1_ORIGINAL,false,OFF,3392,GLOBAL,264016,
cfi-rigid-s2,graphs/cfi-rigid-s2/cfi-rigid-s2-3392-02-2,3392,35588,WL_DIST,1,42,848,848,4,4.00,7,13568,6784,264016,2496,8,6,276,1068.1,5088,0,5088,0,5088,0,121480,1016,0,180000,1,1.00,0,0,3392,,,CERTIFIED,121763,1069.4,848,,,WL1_ORIGINAL,false,OFF,3392,GLOBAL,264016,
cfi-rigid-s2,graphs/cfi-rigid-s2/cfi-rigid-s2-3392-03-1,3392,35588,WL_DIST,1,42,848,848,4,4.00,7,13568,6784,264016,2496,8,6,285,1069.4,5088,0,5088,0,5088,0,184456,1017,0,180000,1,1.00,0,0,3392,,,CERTIFIED,184748,1069.4,848,,,WL1_ORIGINAL,false,OFF,3392,GLOBAL,264016,
cfi-rigid-s2,graphs/cfi-rigid-s2/cfi-rigid-s2-3392-03-2,3392,35588,WL_DIST,1,42,848,848,4,4.00,7,13568,6784,264016,2496,8,6,275,1069.4,5088,0,5088,0,5088,0,59043,1005,0,180000,1,1.00,0,0,3392,,,CERTIFIED,59325,1069.4,848,,,WL1_ORIGINAL,false,OFF,3392,GLOBAL,264016,
cfi-rigid-s2,graphs/cfi-rigid-s2/cfi-rigid-s2-3392-04-1,3392,35584,WL_DIST,1,42,848,848,4,4.00,7,13568,6784,263936,2336,8,6,279,1069.4,5088,0,5088,0,5088,0,367616,1011,0,180000,1,1.00,0,0,3392,,,CERTIFIED,367902,1069.4,848,,,WL1_ORIGINAL,false,OFF,3392,GLOBAL,263936,
cfi-rigid-s2,graphs/cfi-rigid-s2/cfi-rigid-s2-3392-04-2,3392,35584,WL_DIST,1,42,848,848,4,4.00,8,13568,6784,263936,2496,8,6,289,1069.4,5088,0,5088,0,5088,0,123028,1003,0,180000,1,1.00,0,0,3392,,,CERTIFIED,123325,1069.4,848,,,WL1_ORIGINAL,false,OFF,3392,GLOBAL,263936,
cfi-rigid-s2,graphs/cfi-rigid-s2/cfi-rigid-s2-3456-01-1,3456,36260,WL_DIST,1,42,864,864,4,4.00,8,13824,6912,269008,2496,8,6,286,1069.4,5184,0,5184,0,5184,0,735817,1016,0,180000,1,1.00,0,0,3456,,,CERTIFIED,736111,1069.4,864,,,WL1_ORIGINAL,false,OFF,3456,GLOBAL,269008,
cfi-rigid-s2,graphs/cfi-rigid-s2/cfi-rigid-s2-3456-01-2,3456,36260,WL_DIST,1,42,864,864,4,4.00,8,13824,6912,269008,2496,8,6,301,1069.4,5184,0,5184,0,5184,0,446888,1009,0,180000,1,1.00,0,0,3456,,,CERTIFIED,447197,1069.4,864,,,WL1_ORIGINAL,false,OFF,3456,GLOBAL,269008,
cfi-rigid-s2,graphs/cfi-rigid-s2/cfi-rigid-s2-3456-02-1,3456,36256,WL_DIST,1,42,864,864,4,4.00,7,13824,6912,268928,2496,8,6,294,1069.4,5184,0,5184,0,5184,0,62801,1002,0,180000,1,1.00,0,0,3456,,,CERTIFIED,63102,1069.4,864,,,WL1_ORIGINAL,false,OFF,3456,GLOBAL,268928,
cfi-rigid-s2,graphs/cfi-rigid-s2/cfi-rigid-s2-3456-02-2,3456,36256,WL_DIST,1,42,864,864,4,4.00,8,13824,6912,268928,2496,8,6,310,1069.4,5184,0,5184,0,5184,0,47561,1007,0,180000,1,1.00,0,0,3456,,,CERTIFIED,47879,1069.4,864,,,WL1_ORIGINAL,false,OFF,3456,GLOBAL,268928,
cfi-rigid-s2,graphs/cfi-rigid-s2/cfi-rigid-s2-3456-03-1,3456,36244,WL_DIST,1,42,864,864,4,4.00,7,13824,6912,268688,2496,8,6,289,1069.4,5184,0,5184,0,5184,0,42235,1023,0,180000,1,1.00,0,0,3456,,,CERTIFIED,42531,1069.4,864,,,WL1_ORIGINAL,false,OFF,3456,GLOBAL,268688,
cfi-rigid-s2,graphs/cfi-rigid-s2/cfi-rigid-s2-3456-03-2,3456,36244,WL_DIST,1,42,864,864,4,4.00,7,13824,6912,268688,2496,8,6,278,1099.0,5184,0,5184,0,5184,0,49653,1014,0,180000,1,1.00,0,0,3456,,,CERTIFIED,49938,1099.0,864,,,WL1_ORIGINAL,false,OFF,3456,GLOBAL,268688,
cfi-rigid-s2,graphs/cfi-rigid-s2/cfi-rigid-s2-3456-04-1,3456,36276,WL_DIST,1,42,864,864,4,4.00,7,13824,6912,269328,2496,8,6,247,1099.0,5184,0,5184,0,5184,0,167342,1014,0,180000,1,1.00,0,0,3456,,,CERTIFIED,167596,1099.0,864,,,WL1_ORIGINAL,false,OFF,3456,GLOBAL,269328,
cfi-rigid-s2,graphs/cfi-rigid-s2/cfi-rigid-s2-3456-04-2,3456,36276,WL_DIST,1,42,864,864,4,4.00,8,13824,6912,269328,2496,8,6,261,1099.0,5184,0,5184,0,5184,0,299495,1010,0,180000,1,1.00,0,0,3456,,,CERTIFIED,299764,1099.0,864,,,WL1_ORIGINAL,false,OFF,3456,GLOBAL,269328,
cfi-rigid-s2,graphs/cfi-rigid-s2/cfi-rigid-s2-3520-01-1,3520,36948,WL_DIST,1,42,880,880,4,4.00,7,14080,7040,274320,2496,8,6,401,1099.0,5280,0,5280,0,5280,0,672030,1040,0,180000,1,1.00,0,0,3520,,,CERTIFIED,672438,1099.0,880,,,WL1_ORIGINAL,false,OFF,3520,GLOBAL,274320,
cfi-rigid-s2,graphs/cfi-rigid-s2/cfi-rigid-s2-3520-01-2,3520,36948,WL_DIST,1,42,880,880,4,4.00,8,14080,7040,274320,2496,8,6,379,1099.0,5280,0,5280,0,5280,0,381021,1004,0,180000,1,1.00,0,0,3520,,,CERTIFIED,381408,1099.0,880,,,WL1_ORIGINAL,false,OFF,3520,GLOBAL,274320,
cfi-rigid-s2,graphs/cfi-rigid-s2/cfi-rigid-s2-3520-02-1,3520,36944,WL_DIST,1,42,880,880,4,4.00,7,14080,7040,274240,2496,8,6,379,1140.9,5280,0,5280,0,5280,0,712450,1014,0,180000,1,1.00,0,0,3520,,,CERTIFIED,712836,1140.9,880,,,WL1_ORIGINAL,false,OFF,3520,GLOBAL,274240,
cfi-rigid-s2,graphs/cfi-rigid-s2/cfi-rigid-s2-3520-02-2,3520,36944,WL_DIST,1,42,880,880,4,4.00,8,14080,7040,274240,2496,8,6,383,1140.9,5280,0,5280,0,5280,0,327125,1016,0,180000,1,1.00,0,0,3520,,,CERTIFIED,327516,1140.9,880,,,WL1_ORIGINAL,false,OFF,3520,GLOBAL,274240,
cfi-rigid-s2,graphs/cfi-rigid-s2/cfi-rigid-s2-3520-03-1,3520,36940,WL_DIST,1,42,880,880,4,4.00,7,14080,7040,274160,2496,8,6,388,1140.9,5280,0,5280,0,5280,0,157983,1019,0,180000,1,1.00,0,0,3520,,,CERTIFIED,158378,1140.9,880,,,WL1_ORIGINAL,false,OFF,3520,GLOBAL,274160,
cfi-rigid-s2,graphs/cfi-rigid-s2/cfi-rigid-s2-3520-03-2,3520,36940,WL_DIST,1,42,880,880,4,4.00,7,14080,7040,274160,2496,8,6,368,1140.9,5280,0,5280,0,5280,0,88917,1042,0,180000,1,1.00,0,0,3520,,,CERTIFIED,89292,1140.9,880,,,WL1_ORIGINAL,false,OFF,3520,GLOBAL,274160,
cfi-rigid-s2,graphs/cfi-rigid-s2/cfi-rigid-s2-3520-04-1,3520,36936,WL_DIST,1,42,880,880,4,4.00,8,14080,7040,274080,2496,8,6,426,1140.9,5280,0,5280,0,5280,0,357133,1021,0,180000,1,1.00,0,0,3520,,,CERTIFIED,357567,1140.9,880,,,WL1_ORIGINAL,false,OFF,3520,GLOBAL,274080,
cfi-rigid-s2,graphs/cfi-rigid-s2/cfi-rigid-s2-3520-04-2,3520,36936,WL_DIST,1,42,880,880,4,4.00,7,14080,7040,274080,2496,8,6,401,1140.9,5280,0,5280,0,5280,0,792998,1034,0,180000,1,1.00,0,0,3520,,,CERTIFIED,793406,1140.9,880,,,WL1_ORIGINAL,false,OFF,3520,GLOBAL,274080,
cfi-rigid-s2,graphs/cfi-rigid-s2/cfi-rigid-s2-3584-01-1,3584,37604,WL_DIST,1,42,896,896,4,4.00,7,14336,7168,278992,2496,8,6,416,1140.9,5376,0,5376,0,5376,0,200276,1031,0,180000,1,1.00,0,0,3584,,,CERTIFIED,200699,1140.9,896,,,WL1_ORIGINAL,false,OFF,3584,GLOBAL,278992,
cfi-rigid-s2,graphs/cfi-rigid-s2/cfi-rigid-s2-3584-01-2,3584,37604,WL_DIST,1,42,896,896,4,4.00,8,14336,7168,278992,2496,8,6,395,1140.9,5376,0,5376,0,5376,0,66818,1017,0,180000,1,1.00,0,0,3584,,,CERTIFIED,67221,1140.9,896,,,WL1_ORIGINAL,false,OFF,3584,GLOBAL,278992,
cfi-rigid-s2,graphs/cfi-rigid-s2/cfi-rigid-s2-3584-02-1,3584,37616,WL_DIST,1,42,896,896,4,4.00,7,14336,7168,279232,2496,8,6,380,1140.9,5376,0,5376,0,5376,0,317651,1008,0,180000,1,1.00,0,0,3584,,,CERTIFIED,318038,1140.9,896,,,WL1_ORIGINAL,false,OFF,3584,GLOBAL,279232,
cfi-rigid-s2,graphs/cfi-rigid-s2/cfi-rigid-s2-3584-02-2,3584,37616,WL_DIST,1,42,896,896,4,4.00,8,14336,7168,279232,2496,8,6,405,1140.9,5376,0,5376,0,5376,0,86396,1031,0,180000,1,1.00,0,0,3584,,,CERTIFIED,86809,1140.9,896,,,WL1_ORIGINAL,false,OFF,3584,GLOBAL,279232,
cfi-rigid-s2,graphs/cfi-rigid-s2/cfi-rigid-s2-3584-03-1,3584,37604,WL_DIST,1,42,896,896,4,4.00,8,14336,7168,278992,2496,8,6,398,1140.9,5376,0,5376,0,5376,0,111752,1033,0,180000,1,1.00,0,0,3584,,,CERTIFIED,112158,1140.9,896,,,WL1_ORIGINAL,false,OFF,3584,GLOBAL,278992,
cfi-rigid-s2,graphs/cfi-rigid-s2/cfi-rigid-s2-3584-03-2,3584,37604,WL_DIST,1,42,896,896,4,4.00,8,14336,7168,278992,2496,8,6,412,1140.9,5376,0,5376,0,5376,0,272435,1017,0,180000,1,1.00,0,0,3584,,,CERTIFIED,272855,1140.9,896,,,WL1_ORIGINAL,false,OFF,3584,GLOBAL,278992,
cfi-rigid-s2,graphs/cfi-rigid-s2/cfi-rigid-s2-3584-04-1,3584,37608,WL_DIST,1,42,896,896,4,4.00,8,14336,7168,279072,2496,8,6,417,1140.9,5376,0,5376,0,5376,0,152166,1017,0,180000,1,1.00,0,0,3584,,,CERTIFIED,152591,1140.9,896,,,WL1_ORIGINAL,false,OFF,3584,GLOBAL,279072,
cfi-rigid-s2,graphs/cfi-rigid-s2/cfi-rigid-s2-3584-04-2,3584,37608,WL_DIST,1,42,896,896,4,4.00,7,14336,7168,279072,2496,8,6,415,1140.9,5376,0,5376,0,5376,0,877756,1021,0,180000,1,1.00,0,0,3584,,,CERTIFIED,878178,1142.5,896,,,WL1_ORIGINAL,false,OFF,3584,GLOBAL,279072,
cfi-rigid-s2,graphs/cfi-rigid-s2/cfi-rigid-s2-3648-01-1,3648,38244,WL_DIST,1,42,912,912,4,4.00,8,14592,7296,283344,2336,8,6,427,1142.5,5472,0,5472,0,5472,0,404790,1028,0,180000,1,1.00,0,0,3648,,,CERTIFIED,405225,1142.5,912,,,WL1_ORIGINAL,false,OFF,3648,GLOBAL,283344,
cfi-rigid-s2,graphs/cfi-rigid-s2/cfi-rigid-s2-3648-01-2,3648,38244,WL_DIST,1,42,912,912,4,4.00,8,14592,7296,283344,2496,8,6,440,1142.5,5472,0,5472,0,5472,0,141509,1020,0,180000,1,1.00,0,0,3648,,,CERTIFIED,141957,1142.5,912,,,WL1_ORIGINAL,false,OFF,3648,GLOBAL,283344,
cfi-rigid-s2,graphs/cfi-rigid-s2/cfi-rigid-s2-3648-02-1,3648,38288,WL_DIST,1,42,912,912,4,4.00,8,14592,7296,284224,2496,8,6,436,1142.5,5472,0,5472,0,5472,0,113127,1011,0,180000,1,1.00,0,0,3648,,,CERTIFIED,113571,1142.5,912,,,WL1_ORIGINAL,false,OFF,3648,GLOBAL,284224,
cfi-rigid-s2,graphs/cfi-rigid-s2/cfi-rigid-s2-3648-02-2,3648,38288,WL_DIST,1,42,912,912,4,4.00,8,14592,7296,284224,2496,8,6,418,1142.5,5472,0,5472,0,5472,0,218089,1023,0,180000,1,1.00,0,0,3648,,,CERTIFIED,218515,1142.5,912,,,WL1_ORIGINAL,false,OFF,3648,GLOBAL,284224,
cfi-rigid-s2,graphs/cfi-rigid-s2/cfi-rigid-s2-3648-03-1,3648,38272,WL_DIST,1,42,912,912,4,4.00,8,14592,7296,283904,2496,8,6,416,1142.5,5472,0,5472,0,5472,0,99870,1026,0,180000,1,1.00,0,0,3648,,,CERTIFIED,100294,1142.5,912,,,WL1_ORIGINAL,false,OFF,3648,GLOBAL,283904,
cfi-rigid-s2,graphs/cfi-rigid-s2/cfi-rigid-s2-3648-03-2,3648,38272,WL_DIST,1,42,912,912,4,4.00,8,14592,7296,283904,2496,8,6,443,1142.5,5472,0,5472,0,5472,0,762738,1015,0,180000,1,1.00,0,0,3648,,,CERTIFIED,763189,1142.5,912,,,WL1_ORIGINAL,false,OFF,3648,GLOBAL,283904,
cfi-rigid-s2,graphs/cfi-rigid-s2/cfi-rigid-s2-3648-04-1,3648,38292,WL_DIST,1,42,912,912,4,4.00,7,14592,7296,284304,2496,8,6,412,1142.5,5472,0,5472,0,5472,0,75561,1022,0,180000,1,1.00,0,0,3648,,,CERTIFIED,75980,1142.5,912,,,WL1_ORIGINAL,false,OFF,3648,GLOBAL,284304,
cfi-rigid-s2,graphs/cfi-rigid-s2/cfi-rigid-s2-3648-04-2,3648,38292,WL_DIST,1,42,912,912,4,4.00,12,14592,7296,284304,2496,8,6,277,1142.5,5472,0,5472,0,5472,0,88827,1015,0,180000,1,1.00,0,0,3648,,,CERTIFIED,89116,1142.5,912,,,WL1_ORIGINAL,false,OFF,3648,GLOBAL,284304,
cfi-rigid-s2,graphs/cfi-rigid-s2/cfi-rigid-s2-3712-01-1,3712,38940,WL_DIST,1,42,928,928,4,4.00,9,14848,7424,288816,2496,8,6,447,1192.0,5568,0,5568,0,5568,0,467344,1007,0,180000,1,1.00,0,0,3712,,,CERTIFIED,467800,1192.0,928,,,WL1_ORIGINAL,false,OFF,3712,GLOBAL,288816,
cfi-rigid-s2,graphs/cfi-rigid-s2/cfi-rigid-s2-3712-01-2,3712,38940,WL_DIST,1,42,928,928,4,4.00,8,14848,7424,288816,2496,8,6,432,1192.0,5568,0,5568,0,5568,0,297377,1013,0,180000,1,1.00,0,0,3712,,,CERTIFIED,297817,1192.0,928,,,WL1_ORIGINAL,false,OFF,3712,GLOBAL,288816,
cfi-rigid-s2,graphs/cfi-rigid-s2/cfi-rigid-s2-3712-02-1,3712,38964,WL_DIST,1,42,928,928,4,4.00,8,14848,7424,289296,2496,8,6,432,1192.0,5568,0,5568,0,5568,0,484075,1017,0,180000,1,1.00,0,0,3712,,,CERTIFIED,484515,1192.0,928,,,WL1_ORIGINAL,false,OFF,3712,GLOBAL,289296,
cfi-rigid-s2,graphs/cfi-rigid-s2/cfi-rigid-s2-3712-02-2,3712,38964,WL_DIST,1,42,928,928,4,4.00,8,14848,7424,289296,2496,8,6,425,1192.0,5568,0,5568,0,5568,0,419520,1017,0,180000,1,1.00,0,0,3712,,,CERTIFIED,419953,1192.0,928,,,WL1_ORIGINAL,false,OFF,3712,GLOBAL,289296,
cfi-rigid-s2,graphs/cfi-rigid-s2/cfi-rigid-s2-3712-03-1,3712,38952,WL_DIST,1,42,928,928,4,4.00,9,14848,7424,289056,2496,8,6,460,1192.0,5568,0,5568,0,5568,0,138741,1015,0,180000,1,1.00,0,0,3712,,,CERTIFIED,139210,1192.0,928,,,WL1_ORIGINAL,false,OFF,3712,GLOBAL,289056,
cfi-rigid-s2,graphs/cfi-rigid-s2/cfi-rigid-s2-3712-03-2,3712,38952,WL_DIST,1,42,928,928,4,4.00,15,14848,7424,289056,2496,8,6,441,1192.0,5568,0,5568,0,5568,0,221039,1018,0,180000,1,1.00,0,0,3712,,,CERTIFIED,221495,1192.0,928,,,WL1_ORIGINAL,false,OFF,3712,GLOBAL,289056,
cfi-rigid-s2,graphs/cfi-rigid-s2/cfi-rigid-s2-3712-04-1,3712,38936,WL_DIST,1,42,928,928,4,4.00,11,14848,7424,288736,2496,8,6,442,1192.0,5568,0,5568,0,5568,0,287618,1032,0,180000,1,1.00,0,0,3712,,,CERTIFIED,288071,1192.0,928,,,WL1_ORIGINAL,false,OFF,3712,GLOBAL,288736,
cfi-rigid-s2,graphs/cfi-rigid-s2/cfi-rigid-s2-3712-04-2,3712,38936,WL_DIST,1,42,928,928,4,4.00,8,14848,7424,288736,2496,8,6,444,1192.0,5568,0,5568,0,5568,0,198219,1017,0,180000,1,1.00,0,0,3712,,,CERTIFIED,198671,1192.0,928,,,WL1_ORIGINAL,false,OFF,3712,GLOBAL,288736,
cfi-rigid-s2,graphs/cfi-rigid-s2/cfi-rigid-s2-3776-01-1,3776,39620,WL_DIST,1,42,944,944,4,4.00,9,15104,7552,293968,2496,8,6,451,1207.7,5664,0,5664,0,5664,0,741051,1016,0,180000,1,1.00,0,0,3776,,,CERTIFIED,741511,1207.7,944,,,WL1_ORIGINAL,false,OFF,3776,GLOBAL,293968,
cfi-rigid-s2,graphs/cfi-rigid-s2/cfi-rigid-s2-3776-01-2,3776,39620,WL_DIST,1,42,944,944,4,4.00,9,15104,7552,293968,2496,8,6,471,1207.7,5664,0,5664,0,5664,0,215336,1017,0,180000,1,1.00,0,0,3776,,,CERTIFIED,215816,1207.7,944,,,WL1_ORIGINAL,false,OFF,3776,GLOBAL,293968,
cfi-rigid-s2,graphs/cfi-rigid-s2/cfi-rigid-s2-3776-02-1,3776,39608,WL_DIST,1,42,944,944,4,4.00,8,15104,7552,293728,2496,8,6,466,1207.7,5664,0,5664,0,5664,0,210924,1020,0,180000,1,1.00,0,0,3776,,,CERTIFIED,211398,1207.7,944,,,WL1_ORIGINAL,false,OFF,3776,GLOBAL,293728,
cfi-rigid-s2,graphs/cfi-rigid-s2/cfi-rigid-s2-3776-02-2,3776,39608,WL_DIST,1,42,944,944,4,4.00,8,15104,7552,293728,2496,8,6,429,1207.7,5664,0,5664,0,5664,0,356569,1016,0,180000,1,1.00,0,0,3776,,,CERTIFIED,357006,1207.7,944,,,WL1_ORIGINAL,false,OFF,3776,GLOBAL,293728,
cfi-rigid-s2,graphs/cfi-rigid-s2/cfi-rigid-s2-3776-03-1,3776,39612,WL_DIST,1,42,944,944,4,4.00,9,15104,7552,293808,2496,8,6,416,1207.7,5664,0,5664,0,5664,0,659332,1017,0,180000,1,1.00,0,0,3776,,,CERTIFIED,659757,1207.7,944,,,WL1_ORIGINAL,false,OFF,3776,GLOBAL,293808,
cfi-rigid-s2,graphs/cfi-rigid-s2/cfi-rigid-s2-3776-03-2,3776,39612,WL_DIST,1,42,944,944,4,4.00,8,15104,7552,293808,2496,8,6,455,1207.7,5664,0,5664,0,5664,0,557962,1019,0,180000,1,1.00,0,0,3776,,,CERTIFIED,558425,1207.7,944,,,WL1_ORIGINAL,false,OFF,3776,GLOBAL,293808,
cfi-rigid-s2,graphs/cfi-rigid-s2/cfi-rigid-s2-3776-04-1,3776,39616,WL_DIST,1,42,944,944,4,4.00,8,15104,7552,293888,2496,8,6,458,1207.7,5664,0,5664,0,5664,0,1030660,1015,0,180000,1,1.00,0,0,3776,,,CERTIFIED,1031126,1207.7,944,,,WL1_ORIGINAL,false,OFF,3776,GLOBAL,293888,
cfi-rigid-s2,graphs/cfi-rigid-s2/cfi-rigid-s2-3776-04-2,3776,39616,WL_DIST,1,42,944,944,4,4.00,8,15104,7552,293888,2496,8,6,437,1207.7,5664,0,5664,0,5664,0,477323,1065,0,180000,1,1.00,0,0,3776,,,CERTIFIED,477768,1207.7,944,,,WL1_ORIGINAL,false,OFF,3776,GLOBAL,293888,
cfi-rigid-s2,graphs/cfi-rigid-s2/cfi-rigid-s2-3840-01-1,3840,40280,WL_DIST,1,42,960,960,4,4.00,8,15360,7680,298720,2496,8,6,469,1207.7,5760,0,5760,0,5760,0,181600,1018,0,180000,1,1.00,0,0,3840,,,CERTIFIED,182077,1207.7,960,,,WL1_ORIGINAL,false,OFF,3840,GLOBAL,298720,
cfi-rigid-s2,graphs/cfi-rigid-s2/cfi-rigid-s2-3840-01-2,3840,40280,WL_DIST,1,42,960,960,4,4.00,8,15360,7680,298720,2496,8,6,466,1207.7,5760,0,5760,0,5760,0,191944,1016,0,180000,1,1.00,0,0,3840,,,CERTIFIED,192418,1207.7,960,,,WL1_ORIGINAL,false,OFF,3840,GLOBAL,298720,
cfi-rigid-s2,graphs/cfi-rigid-s2/cfi-rigid-s2-3840-02-1,3840,40284,WL_DIST,1,42,960,960,4,4.00,8,15360,7680,298800,2496,8,6,453,1207.7,5760,0,5760,0,5760,0,474015,1018,0,180000,1,1.00,0,0,3840,,,CERTIFIED,474476,1207.7,960,,,WL1_ORIGINAL,false,OFF,3840,GLOBAL,298800,
cfi-rigid-s2,graphs/cfi-rigid-s2/cfi-rigid-s2-3840-02-2,3840,40284,WL_DIST,1,42,960,960,4,4.00,8,15360,7680,298800,2496,8,6,416,1207.7,5760,0,5760,0,5760,0,53029,1021,0,180000,1,1.00,0,0,3840,,,CERTIFIED,53453,1207.7,960,,,WL1_ORIGINAL,false,OFF,3840,GLOBAL,298800,
cfi-rigid-s2,graphs/cfi-rigid-s2/cfi-rigid-s2-3840-03-1,3840,40284,WL_DIST,1,42,960,960,4,4.00,8,15360,7680,298800,2496,8,6,449,1207.7,5760,0,5760,0,5760,0,1464173,1041,0,180000,1,1.00,0,0,3840,,,CERTIFIED,1464630,1207.7,960,,,WL1_ORIGINAL,false,OFF,3840,GLOBAL,298800,
cfi-rigid-s2,graphs/cfi-rigid-s2/cfi-rigid-s2-3840-03-2,3840,40284,WL_DIST,1,42,960,960,4,4.00,9,15360,7680,298800,2496,8,6,429,1207.7,5760,0,5760,0,5760,0,414090,1020,0,180000,1,1.00,0,0,3840,,,CERTIFIED,414528,1207.7,960,,,WL1_ORIGINAL,false,OFF,3840,GLOBAL,298800,
cfi-rigid-s2,graphs/cfi-rigid-s2/cfi-rigid-s2-3840-04-1,3840,40268,WL_DIST,1,42,960,960,4,4.00,9,15360,7680,298480,2496,8,6,452,1207.7,5760,0,5760,0,5760,0,132370,1026,0,180000,1,1.00,0,0,3840,,,CERTIFIED,132831,1207.7,960,,,WL1_ORIGINAL,false,OFF,3840,GLOBAL,298480,
cfi-rigid-s2,graphs/cfi-rigid-s2/cfi-rigid-s2-3840-04-2,3840,40268,WL_DIST,1,42,960,960,4,4.00,8,15360,7680,298480,2496,8,6,470,1207.7,5760,0,5760,0,5760,0,181119,1019,0,180000,1,1.00,0,0,3840,,,CERTIFIED,181597,1207.7,960,,,WL1_ORIGINAL,false,OFF,3840,GLOBAL,298480,
cfi-rigid-s2,graphs/cfi-rigid-s2/cfi-rigid-s2-3904-01-1,3904,40968,WL_DIST,1,42,976,976,4,4.00,9,15616,7808,304032,2496,8,6,474,1207.7,5856,0,5856,0,5856,0,453470,1016,0,180000,1,1.00,0,0,3904,,,CERTIFIED,453953,1207.7,976,,,WL1_ORIGINAL,false,OFF,3904,GLOBAL,304032,
cfi-rigid-s2,graphs/cfi-rigid-s2/cfi-rigid-s2-3904-01-2,3904,40968,WL_DIST,1,42,976,976,4,4.00,9,15616,7808,304032,2496,8,6,470,1207.7,5856,0,5856,0,5856,0,293488,1013,0,180000,1,1.00,0,0,3904,,,CERTIFIED,293967,1207.7,976,,,WL1_ORIGINAL,false,OFF,3904,GLOBAL,304032,
cfi-rigid-s2,graphs/cfi-rigid-s2/cfi-rigid-s2-3904-02-1,3904,40960,WL_DIST,1,42,976,976,4,4.00,8,15616,7808,303872,2496,8,6,493,1207.7,5856,0,5856,0,5856,0,190660,1018,0,180000,1,1.00,0,0,3904,,,CERTIFIED,191161,1207.7,976,,,WL1_ORIGINAL,false,OFF,3904,GLOBAL,303872,
cfi-rigid-s2,graphs/cfi-rigid-s2/cfi-rigid-s2-3904-02-2,3904,40960,WL_DIST,1,42,976,976,4,4.00,9,15616,7808,303872,2496,8,6,480,1207.7,5856,0,5856,0,5856,0,707834,1019,0,180000,1,1.00,0,0,3904,,,CERTIFIED,708323,1207.7,976,,,WL1_ORIGINAL,false,OFF,3904,GLOBAL,303872,
cfi-rigid-s2,graphs/cfi-rigid-s2/cfi-rigid-s2-3904-03-1,3904,40956,WL_DIST,1,42,976,976,4,4.00,14,15616,7808,303792,2496,8,6,491,1207.7,5856,0,5856,0,5856,0,427839,1017,0,180000,1,1.00,0,0,3904,,,CERTIFIED,428344,1207.7,976,,,WL1_ORIGINAL,false,OFF,3904,GLOBAL,303792,
cfi-rigid-s2,graphs/cfi-rigid-s2/cfi-rigid-s2-3904-03-2,3904,40956,WL_DIST,1,42,976,976,4,4.00,8,15616,7808,303792,2496,8,6,435,1207.7,5856,0,5856,0,5856,0,299796,1037,0,180000,1,1.00,0,0,3904,,,CERTIFIED,300239,1207.7,976,,,WL1_ORIGINAL,false,OFF,3904,GLOBAL,303792,
cfi-rigid-s2,graphs/cfi-rigid-s2/cfi-rigid-s2-3904-04-1,3904,40972,WL_DIST,1,42,976,976,4,4.00,8,15616,7808,304112,2496,8,6,438,1207.7,5856,0,5856,0,5856,0,1818330,1021,0,180000,1,1.00,0,0,3904,,,CERTIFIED,1818776,1207.7,976,,,WL1_ORIGINAL,false,OFF,3904,GLOBAL,304112,
cfi-rigid-s2,graphs/cfi-rigid-s2/cfi-rigid-s2-3968-01-1,3968,41628,WL_DIST,1,42,992,992,4,4.00,9,15872,7936,308784,2496,8,6,257,1211.4,5952,0,5952,0,5952,0,660595,1007,0,180000,1,1.00,0,0,3968,,,CERTIFIED,660861,1232.8,992,,,WL1_ORIGINAL,false,OFF,3968,GLOBAL,308784,
cfi-rigid-s2,graphs/cfi-rigid-s2/cfi-rigid-s2-3968-01-2,3968,41628,WL_DIST,1,42,992,992,4,4.00,9,15872,7936,308784,2496,8,6,321,1232.8,5952,0,5952,0,5952,0,1625966,1019,0,180000,1,1.00,0,0,3968,,,CERTIFIED,1626296,1248.7,992,,,WL1_ORIGINAL,false,OFF,3968,GLOBAL,308784,
cfi-rigid-s2,graphs/cfi-rigid-s2/cfi-rigid-s2-3968-02-1,3968,41652,WL_DIST,1,42,992,992,4,4.00,9,15872,7936,309264,2496,8,6,268,1248.7,5952,0,5952,0,5952,0,1423178,1040,0,180000,1,1.00,0,0,3968,,,CERTIFIED,1423455,1248.7,992,,,WL1_ORIGINAL,false,OFF,3968,GLOBAL,309264,
cfi-rigid-s2,graphs/cfi-rigid-s2/cfi-rigid-s2-3968-02-2,3968,41652,WL_DIST,1,42,992,992,4,4.00,9,15872,7936,309264,2496,8,6,780,1248.7,5952,0,5952,0,5952,0,220307,1025,0,180000,1,1.00,0,0,3968,,,CERTIFIED,221096,1248.7,992,,,WL1_ORIGINAL,false,OFF,3968,GLOBAL,309264,
cfi-rigid-s2,graphs/cfi-rigid-s2/cfi-rigid-s2-3968-03-1,3968,41632,WL_DIST,1,42,992,992,4,4.00,19,15872,7936,308864,2496,8,6,455,1248.7,5952,0,5952,0,5952,0,1756313,1018,0,180000,1,1.00,0,0,3968,,,CERTIFIED,1756787,1248.7,992,,,WL1_ORIGINAL,false,OFF,3968,GLOBAL,308864,
cfi-rigid-s2,graphs/cfi-rigid-s2/cfi-rigid-s2-3968-03-2,3968,41632,WL_DIST,1,42,992,992,4,4.00,19,15872,7936,308864,2496,8,6,688,1248.7,5952,0,5952,0,5952,0,185350,1007,0,180000,1,1.00,0,0,3968,,,CERTIFIED,186057,1248.7,992,,,WL1_ORIGINAL,false,OFF,3968,GLOBAL,308864,
cfi-rigid-s2,graphs/cfi-rigid-s2/cfi-rigid-s2-3968-04-1,3968,41640,WL_DIST,1,42,992,992,4,4.00,20,15872,7936,309024,2496,8,6,784,1248.7,5952,0,5952,0,5952,0,635657,1011,0,180000,1,1.00,0,0,3968,,,CERTIFIED,636461,1248.7,992,,,WL1_ORIGINAL,false,OFF,3968,GLOBAL,309024,
cfi-rigid-s2,graphs/cfi-rigid-s2/cfi-rigid-s2-3968-04-2,3968,41640,WL_DIST,1,42,992,992,4,4.00,19,15872,7936,309024,2496,8,6,753,1248.7,5952,0,5952,0,5952,0,458155,1041,0,180000,1,1.00,0,0,3968,,,CERTIFIED,458927,1248.7,992,,,WL1_ORIGINAL,false,OFF,3968,GLOBAL,309024,
cfi-rigid-s2,graphs/cfi-rigid-s2/cfi-rigid-s2-4032-01-1,4032,42308,WL_DIST,1,42,1008,1008,4,4.00,20,16128,8064,313936,2496,8,6,502,1248.7,6048,0,6048,0,6048,0,2336497,1044,1,180000,1,1.00,0,0,4032,,,CERTIFIED,2337019,1248.7,1008,,,WL1_ORIGINAL,false,OFF,4032,GLOBAL,313936,
cfi-rigid-s2,graphs/cfi-rigid-s2/cfi-rigid-s2-4032-01-2,4032,42308,WL_DIST,1,42,1008,1008,4,4.00,12,16128,8064,313936,2496,8,6,776,1248.7,6048,0,6048,0,6048,0,2638653,1021,1,180000,1,1.00,0,0,4032,,,CERTIFIED,2639441,1248.7,1008,,,WL1_ORIGINAL,false,OFF,4032,GLOBAL,313936,
